{
  "type" : "FeatureCollection",
  "features" : [{"type":"Feature","id":1,"geometry":{"type":"Polygon","coordinates":[[[-71.151106408999965,42.336261361000027],[-71.15102399999995,42.33619200000004],[-71.151179379999974,42.335849433000078],[-71.151176054999951,42.33584322300004],[-71.151175070999955,42.335838074000037],[-71.151175241999965,42.33583436400005],[-71.151175697999975,42.335832159000063],[-71.151177763999954,42.335827210000048],[-71.151182973999937,42.335820908000073],[-71.151190439999937,42.335816027000078],[-71.151199511999948,42.335812962000034],[-71.151214384999946,42.335805900000025],[-71.151216592999958,42.335804873000029],[-71.151218754999945,42.335803789000067],[-71.151222946999951,42.335801458000049],[-71.151226900999973,42.335798920000059],[-71.151230619999978,42.335796198000025],[-71.15123407699997,42.335793284000033],[-71.151237270999957,42.335790214000042],[-71.151238751999983,42.335788619000027],[-71.151240167999958,42.33578698000008],[-71.151241503999984,42.33578532100006],[-71.151242775999947,42.335783617000061],[-71.151243951999959,42.335781885000074],[-71.15124506799998,42.335780128000067],[-71.151246083999979,42.335778341000037],[-71.151247025999965,42.335776525000028],[-71.151247897999951,42.335774693000076],[-71.151248670999962,42.335772843000029],[-71.151249360999941,42.335770962000026],[-71.151249975999974,42.335769076000076],[-71.151250492999964,42.335767178000026],[-71.151250837999953,42.335765651000031],[-71.151250925999989,42.335765260000073],[-71.151251269999989,42.335763333000045],[-71.151251531999947,42.335761398000045],[-71.151251707999961,42.335759454000026],[-71.151251798999965,42.335757510000064],[-71.151251793999961,42.33575557100005],[-71.151251701999968,42.335753625000052],[-71.151251520999949,42.335751679000055],[-71.151251247999937,42.335749750000048],[-71.15123136699998,42.335724083000059],[-71.151224170999967,42.335710187000075],[-71.151216457999965,42.33569590500008],[-71.151208229999952,42.335680849000028],[-71.151199990999942,42.33566772100005],[-71.151188637999951,42.335654197000054],[-71.151176249999935,42.335639901000036],[-71.151164892999986,42.335627148000071],[-71.151153526999963,42.335615937000057],[-71.151137502999973,42.335601629000053],[-71.151123539999958,42.335590410000066],[-71.151111652999987,42.335579583000026],[-71.151097164999953,42.335569134000025],[-71.151080605999937,42.335557907000066],[-71.151066116999971,42.335547843000029],[-71.151047988999949,42.335538153000073],[-71.151032974999964,42.335529243000053],[-71.151015885999982,42.335519557000055],[-71.150981693999938,42.335503267000036],[-71.150960357999963,42.335492250000073],[-71.150936939999951,42.33548395400004],[-71.15091315799998,42.335476279000034],[-71.150889024999969,42.335469240000066],[-71.150864567999974,42.335462828000061],[-71.150839835999989,42.33545706700005],[-71.150814855999954,42.335451947000081],[-71.150789646999954,42.335447496000029],[-71.150764250999941,42.335443704000056],[-71.150738684999965,42.335440582000047],[-71.15071299799996,42.335438135000061],[-71.150687220999941,42.33543635400008],[-71.150661371999945,42.335435253000071],[-71.15063549599995,42.335434830000054],[-71.150609617999976,42.335435086000075],[-71.150583775999962,42.335436019000042],[-71.150557994999986,42.335437629000069],[-71.150532320999957,42.335439917000031],[-71.150506767999957,42.335442875000069],[-71.150481379999974,42.33544650400006],[-71.150456189999943,42.335450791000028],[-71.150144362999981,42.335250201000065],[-71.150069909999957,42.335398432000034],[-71.148303010999939,42.335803347000081],[-71.148324840999976,42.335855785000035],[-71.148455479999939,42.336169595000058],[-71.148771077999982,42.33656060800007],[-71.14888125799996,42.336819109000032],[-71.148746606999964,42.336881136000045],[-71.148465005999981,42.33694279000008],[-71.148268901999984,42.336982578000061],[-71.148041511999963,42.337030534000064],[-71.147853215999987,42.337070434000054],[-71.14767134799996,42.337108767000075],[-71.147495240999945,42.337146267000037],[-71.147323183999958,42.337182728000073],[-71.147178552999947,42.337266001000046],[-71.146807896999974,42.337341958000025],[-71.146791811999947,42.337348575000078],[-71.146744302999934,42.337327043000073],[-71.146456797999974,42.337385786000027],[-71.146146300999987,42.33744801000006],[-71.146178487999975,42.337531019000039],[-71.146190539999964,42.337562115000026],[-71.146181958999989,42.337563861000035],[-71.146213569999986,42.337666652000053],[-71.146227945999954,42.337713407000081],[-71.146233828999982,42.337712190000047],[-71.146251875999951,42.337774775000071],[-71.146317430999943,42.338040057000057],[-71.146508859999983,42.33816412300007],[-71.146625247999964,42.338528444000076],[-71.146628010999962,42.338537140000028],[-71.146245388999944,42.33860179800007],[-71.146161710999934,42.338697384000056],[-71.145790458999954,42.338981081000043],[-71.145505298999979,42.339192174000061],[-71.145345262999967,42.339310662000059],[-71.145193658999972,42.339418762000037],[-71.145107348999943,42.339475420000042],[-71.145114848999981,42.33948304200004],[-71.145045477999986,42.339528055000073],[-71.14476455199997,42.339710706000062],[-71.144614145999981,42.339741285000059],[-71.144246515999953,42.340029851000054],[-71.144015773999968,42.34003656200008],[-71.143804061999958,42.34004402100004],[-71.143593649999957,42.340049072000056],[-71.143344836999972,42.340057126000033],[-71.143144523999979,42.340062710000041],[-71.142598144999965,42.34007900000006],[-71.142385427999955,42.340051226000071],[-71.141953534999971,42.340038997000079],[-71.141866937999964,42.340367897000078],[-71.141784080999969,42.340465703000064],[-71.141658420999988,42.340697333000037],[-71.141615354999942,42.340738914000042],[-71.141596966999941,42.340784013000075],[-71.141590993999955,42.340799308000044],[-71.141375719999985,42.341035877000024],[-71.141298758999937,42.341130638000038],[-71.141110967999964,42.341280766000068],[-71.141069463999941,42.341310793000048],[-71.140787386999989,42.34153245300007],[-71.140684864999969,42.34161088500008],[-71.140074579999975,42.34208899600003],[-71.140435685999933,42.34230339700008],[-71.140624939999952,42.342400901000076],[-71.140932169999985,42.342550410000058],[-71.141198322999969,42.342686607000076],[-71.141527765999967,42.342854332000059],[-71.141642381999986,42.342927595000049],[-71.14226025399995,42.343284084000061],[-71.142333944999962,42.343328282000073],[-71.142495830999962,42.343420086000037],[-71.14264880099995,42.343508258000043],[-71.143249040999933,42.34384140700007],[-71.143628762999981,42.344040197000027],[-71.143801402999941,42.343871591000038],[-71.143931345999988,42.343741656000077],[-71.144002530999956,42.343779980000079],[-71.144058242999961,42.343730047000065],[-71.144195022999952,42.34361111100003],[-71.144423702999973,42.343591341000035],[-71.144426203999956,42.343591195000045],[-71.144428693999942,42.343590990000052],[-71.144431181999948,42.343590709000068],[-71.144433647999961,42.343590365000068],[-71.144436102999975,42.343589958000052],[-71.144438530999935,42.343589489000067],[-71.14444092399998,42.343588947000057],[-71.144443305999971,42.343588351000051],[-71.144445653999981,42.343587691000039],[-71.144447973999945,42.343586960000039],[-71.144450249999977,42.343586177000077],[-71.144452488999946,42.343585336000046],[-71.144454675999953,42.343584435000025],[-71.144456830999957,42.34358346700003],[-71.144458933999942,42.343582458000071],[-71.144460992999939,42.343581383000071],[-71.144462989999965,42.343580256000052],[-71.144464937999942,42.343579082000076],[-71.144466823999949,42.343577853000056],[-71.144468650999954,42.343576572000075],[-71.144489950999969,42.343557308000072],[-71.144583179999984,42.343470738000065],[-71.144682172999978,42.343386890000033],[-71.14478139199997,42.343310902000042],[-71.144882654999947,42.34323455100008],[-71.144991004999952,42.343158279000079],[-71.145326184999988,42.342930846000058],[-71.145530085999951,42.342803669000034],[-71.145740290999981,42.342682265000064],[-71.145956467999952,42.34256679300006],[-71.146005126999967,42.34254393100008],[-71.146262355999966,42.342516516000046],[-71.146668208999984,42.342436888000066],[-71.146682687999942,42.342473492000067],[-71.147108833999937,42.34237709000007],[-71.147040011999934,42.342188192000037],[-71.147179309999956,42.342153316000065],[-71.147762184999976,42.342154511000047],[-71.147763516999987,42.342114967000043],[-71.148200877999955,42.34213348600008],[-71.148195466999937,42.342307890000029],[-71.148224375999973,42.342302607000079],[-71.14831017299997,42.342286946000058],[-71.148675485999945,42.342403725000054],[-71.148689655999988,42.342408256000056],[-71.148896473999969,42.342474367000079],[-71.149047360999987,42.342522608000024],[-71.149077473999967,42.342566237000028],[-71.149280377999958,42.342572358000041],[-71.149474496999972,42.342576688000065],[-71.149498122999944,42.342516930000045],[-71.149584122999954,42.34252801000008],[-71.14958919299994,42.342504445000031],[-71.14968496299997,42.342516781000029],[-71.149890008999932,42.342543182000043],[-71.149881384999958,42.342589713000052],[-71.150084781999965,42.342592763000027],[-71.150129732999972,42.342593946000079],[-71.150483339999937,42.342603262000068],[-71.150628938999944,42.342526751000037],[-71.151094347999958,42.342639898000073],[-71.151270943999975,42.34227554000006],[-71.151393982999934,42.34204870700006],[-71.151395229999935,42.342046407000055],[-71.15139636899994,42.342044083000076],[-71.151397384999939,42.342041728000027],[-71.151398291999953,42.342039348000071],[-71.151399086999959,42.342036938000035],[-71.151399758999958,42.342034523000052],[-71.15140030699996,42.342032080000081],[-71.151400746999968,42.342029634000028],[-71.15140106399997,42.342027171000041],[-71.151401256999975,42.342024709000043],[-71.151401342999975,42.342022238000027],[-71.151401304999979,42.342019767000068],[-71.151401142999987,42.342017295000062],[-71.151400857999988,42.342014832000075],[-71.151400464999938,42.342012386000079],[-71.151399936999951,42.342009942000061],[-71.151399307999952,42.342007514000045],[-71.15139854499995,42.342005113000027],[-71.151397671999973,42.342002721000028],[-71.151396688999966,42.342000366000036],[-71.151395583999943,42.341998029000081],[-71.151394379999942,42.34199572600005],[-71.151393050999957,42.341993451000064],[-71.151391623999984,42.341991219000079],[-71.151390078999952,42.341989026000078],[-71.151388432999966,42.341986874000042],[-71.151386688999935,42.341984760000059],[-71.151384832999952,42.341982701000063],[-71.151382889999979,42.341980686000056],[-71.151380838999955,42.341978725000047],[-71.151378700999942,42.341976816000056],[-71.151376466999977,42.341974965000077],[-71.151374158999943,42.341973181000071],[-71.151371746999985,42.341971454000031],[-71.151369264999971,42.341969788000029],[-71.151366696999958,42.341968186000031],[-71.151631764999934,42.341828179000061],[-71.151712629999963,42.341837516000055],[-71.151715647999936,42.341830696000045],[-71.151969729999962,42.341821830000072],[-71.151972502999968,42.341736877000073],[-71.151990612999953,42.341371860000038],[-71.152154085999939,42.341080269000031],[-71.152892189999989,42.341194180000059],[-71.153255213999955,42.341250204000062],[-71.153407030999972,42.341273633000071],[-71.153713748999962,42.341320966000069],[-71.153899282999987,42.341349456000046],[-71.154040649999956,42.341371412000058],[-71.154146580999964,42.341385522000053],[-71.154471270999977,42.341453666000064],[-71.154677973999981,42.341543982000076],[-71.155095908999954,42.341696197000033],[-71.155178994999972,42.341563239000038],[-71.155266084999937,42.341424313000061],[-71.155399671999987,42.341347376000044],[-71.155543513999987,42.341107319000059],[-71.155685117999951,42.340870729000073],[-71.155586285999959,42.340835062000053],[-71.155628299999933,42.34075977100008],[-71.155652688999965,42.340717857000072],[-71.155685538999933,42.340661931000056],[-71.155751449999968,42.340619352000033],[-71.155831918999979,42.340566940000031],[-71.155939409999974,42.340535178000039],[-71.156092841999964,42.340506306000066],[-71.156344959999956,42.340447995000034],[-71.156411258999981,42.340432527000075],[-71.156628136999984,42.340382011000031],[-71.156659333999983,42.340374691000079],[-71.156829941999945,42.340334999000049],[-71.156836070999987,42.340333577000081],[-71.156981108999958,42.340299988000027],[-71.157043131999956,42.340285547000065],[-71.157253974999946,42.340236437000044],[-71.157298375999972,42.340226206000068],[-71.15749372199997,42.340180124000028],[-71.157604625999966,42.340154922000067],[-71.157652369999937,42.340148246000069],[-71.157752973999948,42.340143053000077],[-71.157845476999967,42.340148197000076],[-71.157820881999953,42.340236528000048],[-71.158196589999989,42.340314246000048],[-71.158476322999945,42.340372925000054],[-71.158488887999965,42.340340402000038],[-71.158678504999955,42.340370852000035],[-71.158689847999938,42.340372579000075],[-71.158844037999984,42.340393809000034],[-71.158856171999957,42.340395439000076],[-71.158987991999936,42.340413899000055],[-71.159054762999972,42.340423725000051],[-71.159093792999954,42.340429392000033],[-71.159197134999943,42.340444629000046],[-71.159413170999983,42.340476032000026],[-71.159602034999978,42.340490187000057],[-71.159952758999964,42.340512606000061],[-71.160296828999947,42.340538776000074],[-71.160468632999937,42.340526147000048],[-71.160509670999943,42.340544125000065],[-71.160813506999943,42.340553039000042],[-71.160928202999969,42.340556582000033],[-71.161168503999988,42.34056345700003],[-71.161252134999984,42.340562745000057],[-71.16134318099995,42.340405568000051],[-71.16145544799997,42.340162360000079],[-71.161049931999969,42.340144485000053],[-71.160772792999978,42.340137535000054],[-71.160594701999969,42.340133069000046],[-71.159760530999961,42.340063372000031],[-71.159442637999973,42.340023707000057],[-71.159606771999961,42.339737605000039],[-71.159820232999948,42.339475388000039],[-71.159502274999966,42.339340981000078],[-71.15900890599994,42.339294943000027],[-71.158292882999945,42.339160397000057],[-71.157925372999955,42.339077184000075],[-71.157742232999965,42.339027286000032],[-71.157561753999971,42.33897231800006],[-71.157327497999972,42.338899667000078],[-71.157128657999976,42.338841335000041],[-71.156932877999964,42.338777574000062],[-71.156740409999941,42.338708473000054],[-71.156422555999939,42.33857716600005],[-71.15609410899998,42.338431036000031],[-71.155765165999981,42.338271728000052],[-71.155506965999962,42.338571506000051],[-71.155465153999955,42.338622944000065],[-71.155433969999933,42.33860730300006],[-71.155103575999988,42.338468332000048],[-71.154879025999946,42.338373880000063],[-71.154664577999938,42.338285194000036],[-71.154212745999985,42.338098338000066],[-71.154083646999936,42.338044948000061],[-71.153882992999968,42.337988966000069],[-71.153763087999948,42.337970342000062],[-71.153659256999958,42.337954215000025],[-71.153527563999944,42.337941648000026],[-71.153440904999968,42.337947230000054],[-71.153306915999963,42.33796727500004],[-71.153210797999975,42.338013996000029],[-71.153160607999951,42.337967749000029],[-71.152280281999936,42.337173421000045],[-71.152259355999945,42.337154834000046],[-71.151745330999972,42.336738171000036],[-71.151386693999939,42.33646159500006],[-71.151215687999979,42.336345841000025],[-71.151171987999987,42.33631064900004],[-71.151106408999965,42.336261361000027]]]},"properties":{"OBJECTID":1,"SURVEYID":0,"HIST_NAME":"Aberdeen Architectural Conservation District","PLACE_NAME":"Brighton","YEAR":2002,"STYLE":" ","USE_TYPE":"Residential District","TYPE":"LHD","STATUS":"Designated & Activated","URL":"http://www.cityofboston.gov/landmarks/historic/aberdeen.asp","Shape_Length":0.055298555823255276,"Shape_Area":7.1070581602764818e-05,"shape_wkt":null}},{"type":"Feature","id":2,"geometry":{"type":"Polygon","coordinates":[[[-71.071595852999963,42.352081957000053],[-71.071034849999933,42.35223366200006],[-71.071059275999971,42.35227565200006],[-71.07111314399998,42.352388254000061],[-71.071138552999969,42.352441719000069],[-71.071191028999976,42.352553122000074],[-71.071275055999934,42.352729507000049],[-71.071413114999984,42.353015544000073],[-71.071426195999948,42.353041585000028],[-71.071587919999956,42.35336443500006],[-71.071651821999978,42.353499965000026],[-71.071783052999933,42.353760819000058],[-71.071842416999971,42.353890691000061],[-71.072000900999967,42.354215279000073],[-71.072015309999983,42.354249085000049],[-71.072054959999946,42.354330426000047],[-71.072080189999951,42.354381959000079],[-71.072156557999961,42.35453857300007],[-71.072240480999938,42.354693377000046],[-71.072322347999943,42.35486353500005],[-71.072387478999985,42.354996344000028],[-71.072403335999979,42.35502580900004],[-71.072439146999955,42.355101349000051],[-71.072478828999976,42.355184152000049],[-71.072518954999964,42.35526780500004],[-71.072658499999989,42.355490216000078],[-71.073008401999971,42.355392674000029],[-71.073218141999973,42.355351709000047],[-71.073216853999952,42.355353931000025],[-71.073215784999945,42.355356220000033],[-71.073214916999973,42.355358563000038],[-71.073214276999977,42.355360934000032],[-71.073213866999936,42.355363345000058],[-71.073213684999985,42.355365772000027],[-71.073213717999977,42.355368203000069],[-71.07321398299996,42.355370626000081],[-71.073214471999961,42.355373021000048],[-71.073214801999939,42.355374213000061],[-71.073215179999977,42.355375392000042],[-71.073215620999974,42.355376567000064],[-71.073216115999969,42.355377730000043],[-71.073216912999953,42.355379373000062],[-71.073389587999941,42.355732821000061],[-71.073412235999967,42.355809437000062],[-71.075003123999977,42.355372771000077],[-71.075005912999984,42.35538037300006],[-71.076848156999972,42.354884406000053],[-71.077156961999947,42.354796785000076],[-71.077291136999975,42.354762725000057],[-71.079329891999976,42.354220672000054],[-71.079405205999933,42.354202207000071],[-71.081514936999952,42.353620523000075],[-71.083723402999965,42.353026286000045],[-71.084469268999953,42.352825623000058],[-71.084986058999959,42.352681191000045],[-71.085654227999953,42.352502411000046],[-71.085667683999986,42.352498546000049],[-71.08568209699996,42.352494684000078],[-71.085700353999982,42.352490125000031],[-71.085715726999979,42.352486267000074],[-71.085797885999966,42.352464506000047],[-71.085813739999935,42.352460649000079],[-71.086548682999933,42.352266891000056],[-71.087186538999958,42.352088472000048],[-71.089604385999962,42.351436404000026],[-71.089843809999934,42.351374655000029],[-71.091090485999985,42.351035266000054],[-71.091543253999987,42.350917647000074],[-71.091545384999961,42.350835498000038],[-71.091531420999956,42.350396312000044],[-71.091519185999971,42.350194591000047],[-71.091509548999966,42.349917509000079],[-71.091503084999943,42.349786762000065],[-71.091503013999954,42.349642107000079],[-71.091492111999969,42.349284155000078],[-71.09147147699997,42.348737982000046],[-71.091451875999951,42.347992025000053],[-71.088290338999968,42.348040281000067],[-71.087993016999974,42.348065701000053],[-71.087837418999982,42.347760486000027],[-71.087789053999984,42.347758853000073],[-71.08762502999997,42.347430513000063],[-71.086326213999939,42.347786001000031],[-71.085985690999962,42.34788074100004],[-71.08563991699998,42.347974475000058],[-71.085587643999986,42.347988430000044],[-71.08540686799995,42.348037616000056],[-71.085205105999933,42.348083490000079],[-71.084667920999948,42.348228474000052],[-71.084563720999938,42.348257037000053],[-71.084393019999936,42.348303129000044],[-71.084305069999971,42.34832685300006],[-71.084223981999969,42.348348501000032],[-71.084132731999944,42.348373489000039],[-71.083893437999961,42.348438239000075],[-71.083684306999942,42.348494472000027],[-71.083452510999962,42.348557894000066],[-71.083303757999943,42.348598450000054],[-71.08280446699996,42.348732092000034],[-71.082630391999942,42.348781664000057],[-71.082541309999954,42.348805441000025],[-71.082456302999958,42.348828845000071],[-71.082258949999982,42.348882304000028],[-71.082150837999961,42.348911803000078],[-71.081937747999973,42.348969080000074],[-71.081738868999935,42.349012806000076],[-71.081564732999936,42.349058809000041],[-71.081468876999963,42.349084401000027],[-71.081182564999949,42.349163588000067],[-71.081066041999975,42.349195595000026],[-71.080836925999961,42.349257431000069],[-71.080312797999966,42.349399858000027],[-71.080136233999951,42.349447281000039],[-71.080050825999933,42.349470718000077],[-71.079973756999948,42.349491795000063],[-71.079890679999949,42.349514371000055],[-71.079648475999988,42.349576412000033],[-71.079443861999948,42.349630209000054],[-71.07889032099996,42.34978248200008],[-71.078807090999987,42.349805896000078],[-71.078721261999988,42.349829892000059],[-71.078636030999974,42.349853518000032],[-71.078557069999988,42.349875391000069],[-71.078467119999971,42.349900180000077],[-71.078387702999976,42.34992221300007],[-71.078297174999989,42.349947218000068],[-71.078211569999951,42.349970876000043],[-71.077612993999935,42.350136442000064],[-71.07726575099997,42.350229801000069],[-71.076993056999981,42.350305408000054],[-71.076741425999955,42.350374563000059],[-71.07657734299994,42.350419101000057],[-71.076408929999957,42.350465788000065],[-71.076333921999947,42.350486555000032],[-71.076244779999968,42.350510954000072],[-71.076166198999942,42.350532650000048],[-71.076072804999967,42.350558317000036],[-71.075975594999989,42.350585292000062],[-71.075892055999986,42.350607990000071],[-71.075643973999945,42.350676723000049],[-71.075364405999949,42.35075299600004],[-71.075157818999969,42.350814408000076],[-71.073889473999941,42.351155852000034],[-71.073218390999955,42.351336724000078],[-71.072999961999983,42.351374059000079],[-71.072917188999952,42.35139633600005],[-71.072718212999973,42.351450276000037],[-71.07265790699995,42.35146659600008],[-71.07259914499997,42.351482496000074],[-71.072374598999943,42.35154332500008],[-71.071658875999958,42.351737074000027],[-71.071537343999978,42.351770069000054],[-71.07144915899994,42.351793817000043],[-71.071595852999963,42.352081957000053]]]},"properties":{"OBJECTID":2,"SURVEYID":10560,"HIST_NAME":"Back Bay Architectural District","PLACE_NAME":"Boston","YEAR":1966,"STYLE":" ","USE_TYPE":"Residential District","TYPE":"LHD","STATUS":"Designated & Activated","URL":"http://www.cityofboston.gov/landmarks/historic/backbay.asp","Shape_Length":0.048312776874367365,"Shape_Area":8.4406933383019791e-05,"shape_wkt":null}},{"type":"Feature","id":3,"geometry":{"type":"Polygon","coordinates":[[[-71.103339346999974,42.350531284000056],[-71.103406414999938,42.350235491000035],[-71.103280465999944,42.350222326000051],[-71.103191863999939,42.35021284700008],[-71.103111525999964,42.35020435000007],[-71.103026520999947,42.350195965000069],[-71.102951287999986,42.350188521000064],[-71.102870317999987,42.350180562000048],[-71.102786771999945,42.350171843000055],[-71.102708961999951,42.350164766000034],[-71.102625160999935,42.350154115000066],[-71.102536251999936,42.350144636000039],[-71.102456459999985,42.350136005000024],[-71.102373857999964,42.350127968000038],[-71.102292982999984,42.350119211000049],[-71.102211179999983,42.350110427000061],[-71.102125120999972,42.350101387000052],[-71.102043821999985,42.350093159000039],[-71.101962666999952,42.350085483000043],[-71.101877962999936,42.35007587900003],[-71.101791680999952,42.35006661500006],[-71.10170908799995,42.350057866000043],[-71.101627519999965,42.350049547000026],[-71.101539711999976,42.350040445000047],[-71.101467794999962,42.350033050000036],[-71.101376235999965,42.350023517000068],[-71.101278019999938,42.350013035000075],[-71.101196259999938,42.350004357000046],[-71.101103636999937,42.349994583000068],[-71.101028285999973,42.349987046000081],[-71.100958769999977,42.349980174000052],[-71.100892711999961,42.349972853000054],[-71.100826580999978,42.349965592000046],[-71.100754275999975,42.349958208000032],[-71.100661133999949,42.34994878200007],[-71.100560958999949,42.349938160000079],[-71.100342367999986,42.349908764000077],[-71.099134592999974,42.349778687000025],[-71.099037049999936,42.349767988000053],[-71.098954000999981,42.349759321000079],[-71.098870660999978,42.349749963000079],[-71.098785176999968,42.349741760000029],[-71.09869385899998,42.349731667000071],[-71.098621158999947,42.349723157000028],[-71.098548954999956,42.349715934000074],[-71.09848997499995,42.349709219000033],[-71.098409513999968,42.34970155600007],[-71.098340400999973,42.349693609000042],[-71.098219424999968,42.34968066600004],[-71.098142345999975,42.349672044000044],[-71.098103047999984,42.349667821000025],[-71.097519228999943,42.349605016000055],[-71.097274579999976,42.349582635000047],[-71.097169951999945,42.349374699000066],[-71.097154445999934,42.34933139900005],[-71.097047298999939,42.349350947000062],[-71.096896185999981,42.349378689000048],[-71.096804933999977,42.349394638000035],[-71.09658393999996,42.349434633000044],[-71.096477954999955,42.349456952000025],[-71.096197416999985,42.349506788000042],[-71.096152246999964,42.349519041000065],[-71.096039506999944,42.349549332000038],[-71.095923238999944,42.349580648000028],[-71.095809535999933,42.349611075000041],[-71.095478759999935,42.349700505000044],[-71.095254231999945,42.349760687000071],[-71.095112136999944,42.349797433000049],[-71.094950016999974,42.349473246000059],[-71.094889428999977,42.349085306000063],[-71.094880099999955,42.34886203800005],[-71.094874835999974,42.348673416000054],[-71.09485873899996,42.34809548800007],[-71.094065946999933,42.348110379000047],[-71.093959717999951,42.348112013000048],[-71.093856245999973,42.348114494000072],[-71.09375300399995,42.348115316000076],[-71.093654262999962,42.348116545000039],[-71.093551997999953,42.348118319000037],[-71.093447260999937,42.348120692000066],[-71.093398074999982,42.348118155000066],[-71.093046997999977,42.348125588000073],[-71.092935882999939,42.348128272000054],[-71.092925125999955,42.348127558000044],[-71.092929024999933,42.348345966000068],[-71.092930400999933,42.348411961000068],[-71.092938179999976,42.348711897000044],[-71.092948090999982,42.348903899000049],[-71.092943445999936,42.348904000000061],[-71.092960622999954,42.349124054000072],[-71.092964578999954,42.349260498000035],[-71.092979296999943,42.349603822000063],[-71.092980176999959,42.349625071000048],[-71.092987408999988,42.349804454000036],[-71.092991820999941,42.350042094000059],[-71.093013087999964,42.35047507400003],[-71.093219623999971,42.350440148000075],[-71.09331044399994,42.350427316000037],[-71.093398548999971,42.350415009000073],[-71.093498489999945,42.350402277000057],[-71.093587240999966,42.350392045000035],[-71.093671184999948,42.350382886000034],[-71.093766524999978,42.350374037000051],[-71.093952584999954,42.35035797300003],[-71.094044484999984,42.350352877000034],[-71.094138161999979,42.35034799400006],[-71.094228941999972,42.350342001000058],[-71.094314921999967,42.350341943000046],[-71.094393125999943,42.350342861000058],[-71.094486959999983,42.35034249000006],[-71.094570808999947,42.350342749000049],[-71.094668388999935,42.350343738000049],[-71.094765586999983,42.350347017000047],[-71.094857112999989,42.350350164000076],[-71.094944952999981,42.350353254000026],[-71.095036295999932,42.350356465000061],[-71.095191855999985,42.350366801000064],[-71.095340551999982,42.350372587000038],[-71.095449590999976,42.350379915000076],[-71.095540195999945,42.350385978000077],[-71.095630037999967,42.350392126000031],[-71.095727946999943,42.35039695200004],[-71.095811397999967,42.350405204000026],[-71.095892812999978,42.350410597000064],[-71.095988918999979,42.35041743000005],[-71.096095265999963,42.350424084000053],[-71.096196873999986,42.350431275000062],[-71.096298486999956,42.350438293000025],[-71.096412974999964,42.350445725000043],[-71.096513098999935,42.350453185000049],[-71.096589405999964,42.350458107000065],[-71.096682698999984,42.350464373000079],[-71.097302196999976,42.350507046000075],[-71.097413075999953,42.350514512000075],[-71.097527229999969,42.350522204000072],[-71.097651779999978,42.350530971000069],[-71.097841351999989,42.350560956000038],[-71.098272178999935,42.350590907000026],[-71.098369271999957,42.350597433000075],[-71.098462189999964,42.350603684000077],[-71.09855523899995,42.350610195000058],[-71.098653397999954,42.35061637900003],[-71.098747525999954,42.350623026000051],[-71.098890052999934,42.350632672000074],[-71.099036825999974,42.350642798000081],[-71.099139095999988,42.350649870000041],[-71.09923816099996,42.350657008000042],[-71.09933149699998,42.350663201000032],[-71.099421451999945,42.350669007000079],[-71.099522036999986,42.350675677000027],[-71.099610555999959,42.350682068000026],[-71.099696495999979,42.350687823000044],[-71.099788936999971,42.350693790000037],[-71.099878789999934,42.350700138000036],[-71.09997191399998,42.350706547000073],[-71.100170574999936,42.350720257000035],[-71.10039656899994,42.35073410800004],[-71.100484433999952,42.350738836000062],[-71.100586473999954,42.350746223000044],[-71.100677913999959,42.35075131900004],[-71.100762946999964,42.350756560000036],[-71.100851653999939,42.350763617000041],[-71.100924814999985,42.350769372000059],[-71.101008602999968,42.350774222000041],[-71.101080744999933,42.350779447000036],[-71.101169379999988,42.350785575000032],[-71.101255532999971,42.350790650000079],[-71.101338207999959,42.35079707500006],[-71.101414797999951,42.350802344000044],[-71.10150170199995,42.35080786900005],[-71.10158080399998,42.350813962000075],[-71.101663244999941,42.350819508000029],[-71.101743724999949,42.35082458200003],[-71.101829314999975,42.350829864000048],[-71.101919819999978,42.350835570000072],[-71.102002628999969,42.350841561000038],[-71.102121644999954,42.350849448000076],[-71.10219965899995,42.350855025000044],[-71.102280691999965,42.350859927000045],[-71.102361932999941,42.350864943000033],[-71.102443329999971,42.350871108000035],[-71.102527639999948,42.350876172000028],[-71.102609991999941,42.350881061000052],[-71.102690708999944,42.350887509000074],[-71.102774408999949,42.35089282000007],[-71.102860533999944,42.350898602000029],[-71.102942029999952,42.350904089000039],[-71.103253242999983,42.350924975000055],[-71.103477614999974,42.350950079000029],[-71.103763073999971,42.350973021000073],[-71.104079492999972,42.350992301000076],[-71.104086678999977,42.350993137000046],[-71.10409395299996,42.350993065000068],[-71.104101107999952,42.350992087000066],[-71.10410793799997,42.350990233000061],[-71.104114252999977,42.350987553000039],[-71.104119869999977,42.350984124000036],[-71.104124629999944,42.350980044000039],[-71.104128399999979,42.350975429000073],[-71.104131069999937,42.35097040900007],[-71.10413256399994,42.350965127000052],[-71.104132841999956,42.35095973600005],[-71.104131894999966,42.350954386000069],[-71.104129747999934,42.350949229000037],[-71.104126464999979,42.350944415000072],[-71.104122136999933,42.350940077000075],[-71.104116887999965,42.350936341000079],[-71.104041372999973,42.35089659700003],[-71.103838414999984,42.350789604000056],[-71.103789853999956,42.350769588000048],[-71.103778171999977,42.350766126000053],[-71.103757033999955,42.350760236000042],[-71.103734363999934,42.350754119000044],[-71.103716093999935,42.350749169000039],[-71.103704384999958,42.350745997000047],[-71.103675235999958,42.350739460000057],[-71.10366000099998,42.35073604300004],[-71.103635310999948,42.350731615000029],[-71.103614406999952,42.350727866000057],[-71.103588823999985,42.350724780000064],[-71.10357548099995,42.350722580000081],[-71.103550041999938,42.350719517000073],[-71.103522573999953,42.35071632000006],[-71.103339346999974,42.350531284000056]]]},"properties":{"OBJECTID":3,"SURVEYID":13793,"HIST_NAME":"Bay State Road/Back Bay West Architectural Conservation District","PLACE_NAME":"Fenway","YEAR":1979,"STYLE":" ","USE_TYPE":"Other Commercial","TYPE":"LHD","STATUS":"Designated & Activated","URL":"http://www.cityofboston.gov/landmarks/historic/backbay.asp","Shape_Length":0.026978502554227842,"Shape_Area":1.1608159366892275e-05,"shape_wkt":null}},{"type":"Feature","id":4,"geometry":{"type":"Polygon","coordinates":[[[-71.068109021999987,42.350543881000078],[-71.068280749999985,42.350495755000054],[-71.068556741999942,42.350420137000071],[-71.068524743999944,42.350277812000058],[-71.068490667999981,42.350171523000029],[-71.068471813999963,42.350112937000063],[-71.068471797999962,42.350112565000074],[-71.068452578999938,42.350053065000054],[-71.068412384999988,42.349928262000049],[-71.068384753999965,42.349844691000044],[-71.068551308999986,42.349818729000049],[-71.068808137999952,42.349773020000043],[-71.069001967999952,42.349738506000051],[-71.069068329999936,42.349726692000047],[-71.069121652999968,42.349717100000078],[-71.069179339999948,42.349706877000074],[-71.069237684999962,42.349696544000039],[-71.069293977999962,42.349685968000074],[-71.069352151999965,42.34967658100004],[-71.069411727999977,42.34966557000007],[-71.069576863999941,42.349636163000071],[-71.069512282999938,42.349424955000075],[-71.069481841999959,42.349328602000071],[-71.069390330999965,42.349041131000035],[-71.069367883999973,42.348970320000035],[-71.069623056999944,42.348973473000058],[-71.069890945999987,42.348971641000048],[-71.069928269999934,42.348993133000079],[-71.070013194999945,42.34904377600003],[-71.070094711999957,42.349090671000056],[-71.070168064999962,42.349133162000044],[-71.070222887999932,42.349165130000074],[-71.070498305999934,42.349040940000066],[-71.070810407999943,42.348780721000026],[-71.070876401999953,42.348780231000035],[-71.071204368999986,42.34896326900008],[-71.071361454999987,42.34883970900006],[-71.071533300999988,42.34868872800007],[-71.071601193999982,42.348622098000078],[-71.071494063999978,42.348396770000079],[-71.071458684999982,42.348319759000049],[-71.071179600999983,42.348319296000057],[-71.070883015999982,42.348320473000058],[-71.070659597999963,42.348320826000077],[-71.070545472999981,42.348319680000031],[-71.070367873999942,42.348320578000028],[-71.070290439999951,42.348320828000055],[-71.070219843999951,42.348320996000041],[-71.070141586999966,42.348321535000025],[-71.070088545999965,42.348319976000028],[-71.069993503999967,42.348321962000057],[-71.069920056999933,42.348322729000074],[-71.069847359999983,42.348323105000077],[-71.069775053999933,42.348323478000054],[-71.069689095999934,42.348322394000036],[-71.069678005999947,42.348322273000065],[-71.06951861999994,42.348318822000067],[-71.069158773999959,42.34831772800004],[-71.069118642999968,42.348207306000063],[-71.069115142999976,42.348197101000039],[-71.069109556999933,42.34818742200008],[-71.069102015999988,42.348178502000053],[-71.069092705999935,42.348170554000035],[-71.069081847999939,42.348163772000078],[-71.069069705999937,42.348158319000049],[-71.069056571999965,42.348154326000042],[-71.069042761999981,42.348151889000064],[-71.068874120999965,42.348129530000051],[-71.068742308999958,42.34811667200006],[-71.068331304999958,42.348088395000048],[-71.068116293999935,42.348071843000071],[-71.067673863999971,42.348322584000073],[-71.067542051999965,42.348377242000026],[-71.066866564999941,42.348772246000067],[-71.066875038999967,42.348781149000047],[-71.066758245999949,42.34885113100006],[-71.066709132999961,42.348897823000073],[-71.066703666999956,42.348902809000037],[-71.066695408999976,42.348910553000053],[-71.06668401099995,42.348922059000074],[-71.066675461999978,42.348931360000051],[-71.066666955999949,42.348941287000059],[-71.066658058999963,42.348952532000055],[-71.066650935999974,42.348962252000035],[-71.066642865999938,42.348974277000025],[-71.06663707599995,42.348984319000067],[-71.066630644999975,42.348997517000043],[-71.066625131999956,42.349009683000077],[-71.066619440999943,42.349022946000048],[-71.066615656999943,42.349034848000031],[-71.066612240999973,42.349046782000073],[-71.066608737999957,42.349059265000051],[-71.066605766999942,42.349071934000051],[-71.066603389999955,42.349086740000075],[-71.066601263999985,42.34910115200006],[-71.066600053999935,42.349114533000034],[-71.066599520999944,42.349126027000068],[-71.066599727999971,42.34913758600004],[-71.06659990299994,42.349148169000046],[-71.066601741999989,42.349160949000066],[-71.066603158999953,42.349173289000078],[-71.066605163999952,42.349185593000072],[-71.066607254999951,42.349195765000047],[-71.066630430999965,42.349299064000036],[-71.06668566999997,42.349562218000074],[-71.066391490999933,42.34958548600008],[-71.06628313799996,42.349597768000081],[-71.06627873399998,42.349576393000063],[-71.066174939999939,42.349395093000055],[-71.066147004999948,42.349346297000068],[-71.066108201999953,42.349350490000063],[-71.066048106999972,42.349371523000059],[-71.065986621999969,42.349392977000036],[-71.065987242999938,42.349394729000039],[-71.066021019999937,42.349453403000041],[-71.066041242999972,42.349488949000033],[-71.066044081999962,42.349493937000034],[-71.066065407999986,42.349531421000052],[-71.066120711999986,42.349628868000025],[-71.066177061999952,42.34973668400005],[-71.066188869999962,42.349734418000025],[-71.066200758999969,42.349732436000068],[-71.066212721999989,42.349730751000038],[-71.066224740999985,42.34972936500003],[-71.066415638999956,42.349702115000071],[-71.066723890999981,42.349758259000055],[-71.066744791999952,42.349862170000051],[-71.066755172999933,42.349900153000078],[-71.06681141699994,42.349977800000033],[-71.066977093999981,42.350188865000064],[-71.067206696999961,42.350097711000046],[-71.067402080999955,42.350020602000029],[-71.067640317999974,42.34997793000008],[-71.067727928999943,42.349962296000058],[-71.067794368999955,42.349950439000054],[-71.067850992999979,42.349940222000043],[-71.067913553999972,42.349928932000068],[-71.067946279999944,42.350011793000078],[-71.068020709999985,42.350255147000041],[-71.068055158999982,42.350367777000031],[-71.068109021999987,42.350543881000078]]]},"properties":{"OBJECTID":4,"SURVEYID":15380,"HIST_NAME":"Bay Village Historic District","PLACE_NAME":"Boston","YEAR":1983,"STYLE":" ","USE_TYPE":"Residential District","TYPE":"LHD","STATUS":"Designated & Activated","URL":"http://www.cityofboston.gov/landmarks/historic/bayvillage.asp","Shape_Length":0.015630623092266694,"Shape_Area":6.1275928521082503e-06,"shape_wkt":null}},{"type":"Feature","id":5,"geometry":{"type":"Polygon","coordinates":[[[-71.080625540999961,42.332234218000053],[-71.080434684999943,42.33241180300007],[-71.08055746499997,42.332475604000081],[-71.080959033999989,42.332700294000063],[-71.08110765899994,42.332497605000071],[-71.081200602999957,42.33238289500008],[-71.081413167999983,42.332141676000049],[-71.081441741999981,42.332105112000079],[-71.081462313999964,42.332065699000054],[-71.081474386999957,42.332024392000051],[-71.081477666999945,42.33198219600007],[-71.081472073999976,42.331940134000035],[-71.081466386999978,42.331886522000048],[-71.081451314999981,42.331822909000039],[-71.081424135999953,42.331737821000047],[-71.081416087999969,42.33171677100006],[-71.081406975999982,42.33169599200005],[-71.08139682999996,42.33167548800003],[-71.081385660999956,42.331655313000056],[-71.081373479999968,42.331635478000067],[-71.081360295999957,42.331616008000026],[-71.081346141999973,42.331596938000075],[-71.081337049999945,42.33158571000007],[-71.081271249999986,42.331518580000079],[-71.081133070999954,42.331592212000032],[-71.081129183999963,42.331588168000053],[-71.081112662999942,42.331596972000057],[-71.081102349999981,42.331598702000065],[-71.081066886999963,42.331604652000067],[-71.081076086999985,42.331604177000031],[-71.081085260999942,42.331604875000039],[-71.081094138999958,42.331606725000029],[-71.081050278999953,42.331630215000075],[-71.081052916999965,42.331632930000069],[-71.080935152999984,42.331676236000078],[-71.080897584999946,42.331698481000046],[-71.080846171999951,42.331735601000048],[-71.080720008999947,42.331851205000078],[-71.080872204999935,42.332015659000035],[-71.080743370999983,42.332129856000051],[-71.080687387999944,42.332179447000044],[-71.080625540999961,42.332234218000053]]]},"properties":{"OBJECTID":5,"SURVEYID":25597,"HIST_NAME":"Eustis Street Architectural Conservation District","PLACE_NAME":"Roxbury","YEAR":1981,"STYLE":" ","USE_TYPE":"Residential District","TYPE":"LHD","STATUS":"Designated & Activated","URL":"https://www.boston.gov/sites/default/files/embed/e/eustis-street-study-report.pdf","Shape_Length":0.0035427646037296816,"Shape_Area":6.3424031585780067e-07,"shape_wkt":null}},{"type":"Feature","id":6,"geometry":{"type":"Polygon","coordinates":[[[-71.080047684999954,42.332706712000061],[-71.080080916999975,42.332728859000042],[-71.080116443999941,42.332748949000063],[-71.080231233999939,42.332808599000032],[-71.080625016999988,42.333028933000037],[-71.080686317999948,42.333058734000076],[-71.080752378999989,42.333082279000052],[-71.08082204699997,42.333099158000039],[-71.08089410599996,42.333109076000028],[-71.080967296999972,42.333111859000041],[-71.081040344999963,42.333107460000065],[-71.081111973999953,42.333095954000044],[-71.081180931999938,42.333077543000059],[-71.081246018999934,42.333052548000069],[-71.081306095999935,42.333021405000068],[-71.081360116999974,42.332984659000033],[-71.081407136999985,42.332942949000028],[-71.081446337999978,42.332897005000063],[-71.081589254999983,42.332702095000059],[-71.081670650999968,42.332601639000075],[-71.081875414999956,42.332369285000027],[-71.081877651999946,42.33236682200004],[-71.081880809999973,42.332363278000059],[-71.081884059999936,42.332359590000067],[-71.081888929999934,42.33235396300006],[-71.081892099999948,42.332350236000025],[-71.081896846999939,42.332344553000041],[-71.081899932999988,42.332340787000078],[-71.081904554999937,42.332335046000026],[-71.081907558999944,42.332331245000034],[-71.081911747999982,42.332325851000064],[-71.08191497599995,42.332321611000054],[-71.081919342999981,42.332315763000054],[-71.081922178999946,42.332311891000074],[-71.081926417999966,42.332305991000055],[-71.081929168999977,42.332302084000048],[-71.081933277999951,42.332296133000057],[-71.081935943999952,42.332292195000036],[-71.081939922999936,42.332286195000052],[-71.081942500999958,42.332282225000029],[-71.081943898999953,42.332280057000048],[-71.081946347999974,42.332276178000029],[-71.081948838999949,42.33227217700005],[-71.081952552999951,42.332266085000072],[-71.081954956999937,42.332262055000058],[-71.081958535999945,42.332255918000044],[-71.081960850999963,42.332251860000042],[-71.081964295999967,42.332245681000074],[-71.081966521999959,42.332241595000028],[-71.081969597999944,42.33223582200003],[-71.081971966999959,42.332231264000029],[-71.08197513999994,42.332225004000065],[-71.081977185999961,42.332220867000046],[-71.081980220999981,42.332214571000065],[-71.081982174999951,42.332210409000027],[-71.081985071999952,42.332204078000075],[-71.081986935999964,42.332199893000052],[-71.081989694999947,42.332193527000072],[-71.081991465999977,42.332189321000044],[-71.081992408999952,42.332187059000034],[-71.081994083999973,42.332182922000072],[-71.081995763999942,42.332178695000039],[-71.081998240999951,42.332172266000043],[-71.081999826999947,42.332168019000051],[-71.08200216399996,42.332161562000067],[-71.082003657999962,42.332157296000048],[-71.082005852999941,42.332150811000076],[-71.082007252999972,42.332146527000077],[-71.082009157999948,42.332140501000026],[-71.082010611999976,42.332135718000075],[-71.082012520999967,42.332129183000063],[-71.08201373199995,42.332124868000051],[-71.082015498999965,42.332118311000045],[-71.082016615999976,42.332113983000056],[-71.082018238999979,42.332107405000045],[-71.082019260999971,42.33210306400008],[-71.082020738999972,42.332096469000078],[-71.082021666999935,42.332092116000069],[-71.082022147999965,42.33208981000007],[-71.082023000999982,42.332085502000041],[-71.082023830999958,42.332081139000024],[-71.082025020999936,42.33207451100003],[-71.08202575699994,42.332070137000073],[-71.082026800999984,42.332063496000046],[-71.082027439999933,42.33205911400006],[-71.082028338999976,42.332052461000046],[-71.082028882999964,42.332048072000077],[-71.082029581999961,42.332041921000041],[-71.08203008299995,42.332037015000026],[-71.082030688999964,42.332030343000042],[-71.082031040999937,42.332025944000065],[-71.08203150099996,42.332019265000042],[-71.082031755999935,42.33201486300004],[-71.082032069999968,42.332008180000059],[-71.082032228999935,42.332003775000032],[-71.082032396999978,42.331997089000026],[-71.082032458999947,42.331992682000077],[-71.082032482999978,42.331990384000051],[-71.082032479999953,42.331985996000071],[-71.082032445999971,42.331981589000065],[-71.082032319999939,42.331974903000059],[-71.082032190999939,42.331970496000054],[-71.082031917999984,42.331963813000073],[-71.082031690999941,42.331959409000035],[-71.082031273999974,42.331952730000069],[-71.082030949999933,42.331948329000056],[-71.082030435999968,42.331942185000059],[-71.082029965999936,42.331937259000028],[-71.082029256999988,42.331930593000038],[-71.082028739999942,42.33192620300008],[-71.082027884999945,42.331919546000051],[-71.082027272999937,42.331915163000076],[-71.082026270999961,42.331908518000034],[-71.082025562999945,42.331904142000042],[-71.082024416999957,42.331897510000033],[-71.082023541999945,42.331892768000046],[-71.082019422999963,42.331854225000029],[-71.082015609999985,42.331828588000064],[-71.082012754999937,42.331815256000027],[-71.081997683999987,42.331751644000065],[-71.081993374999968,42.33173538300008],[-71.081991105999975,42.33172797800006],[-71.081963923999979,42.331642890000069],[-71.081957827999986,42.331625504000044],[-71.081949780999935,42.331604453000068],[-71.081948089999969,42.331600120000076],[-71.08194360899995,42.331589410000049],[-71.081934496999963,42.331568631000039],[-71.081927725999947,42.331554119000032],[-71.081917579999981,42.331533616000058],[-71.081915935999973,42.331530335000025],[-71.08190996999997,42.331519093000054],[-71.081898800999966,42.331498917000033],[-71.081890464999958,42.331484635000038],[-71.08187828399997,42.331464801000038],[-71.081876920999946,42.331462597000041],[-71.081869175999941,42.331450688000075],[-71.081855991999987,42.331431217000045],[-71.081846223999946,42.331417447000035],[-71.08183164999997,42.33139781400007],[-71.081821657999967,42.331384954000043],[-71.081812567999975,42.331373728000074],[-71.081801200999962,42.331360284000027],[-71.081785686999979,42.331343609000044],[-71.081719885999973,42.331276478000063],[-71.081673647999935,42.331235248000041],[-71.081620578999946,42.331198830000062],[-71.081561576999945,42.331167840000035],[-71.081497645999946,42.331142807000049],[-71.081429869999965,42.331124154000065],[-71.081359400999986,42.331112199000074],[-71.081287434999979,42.331107145000033],[-71.081215193999981,42.331109075000029],[-71.081143904999976,42.331117961000075],[-71.081074777999959,42.331133649000037],[-71.08100898899994,42.331155872000068],[-71.080947650999974,42.331184256000029],[-71.080890909999937,42.331214317000047],[-71.080832070999975,42.331231681000077],[-71.080776329999935,42.33125397200007],[-71.080724430999965,42.331280891000063],[-71.080677068999933,42.331312077000064],[-71.08063169899998,42.331331697000053],[-71.080589131999943,42.331354512000075],[-71.080551563999961,42.331376756000054],[-71.08051071899996,42.331403479000073],[-71.080459303999987,42.331440599000075],[-71.080434837999974,42.33145942200008],[-71.080415046999974,42.331476572000042],[-71.080288884999959,42.331592175000026],[-71.080248999999981,42.331633741000076],[-71.080216354999948,42.331678651000061],[-71.080191451999951,42.331726213000024],[-71.080174674999967,42.331775696000079],[-71.080166280999947,42.331826341000067],[-71.080166399999939,42.331877365000025],[-71.080175028999975,42.331927988000075],[-71.080192035999971,42.331977428000073],[-71.080188119999946,42.331981046000067],[-71.080000953999956,42.332155176000072],[-71.07996189499994,42.332196479000061],[-71.079929939999943,42.332241018000047],[-71.079905569999937,42.33228812200008],[-71.079889149999985,42.332337086000052],[-71.079880927999966,42.33238717200004],[-71.079881026999942,42.332437628000037],[-71.079889444999935,42.332487697000033],[-71.07990605699996,42.332536624000056],[-71.079930611999941,42.33258367600007],[-71.079962739999985,42.332628146000047],[-71.080001960999937,42.332669364000026],[-71.080047684999954,42.332706712000061]],[[-71.081337049999945,42.33158571000007],[-71.081346141999973,42.331596938000075],[-71.081360295999957,42.331616008000026],[-71.081373479999968,42.331635478000067],[-71.081385660999956,42.331655313000056],[-71.08139682999996,42.33167548800003],[-71.081406975999982,42.33169599200005],[-71.081416087999969,42.33171677100006],[-71.081424135999953,42.331737821000047],[-71.081451314999981,42.331822909000039],[-71.081466386999978,42.331886522000048],[-71.081472073999976,42.331940134000035],[-71.08147306799998,42.331944479000072],[-71.081473966999965,42.331948835000048],[-71.081474770999932,42.331953202000079],[-71.081475477999959,42.331957577000026],[-71.081476089999967,42.331961961000047],[-71.081476605999967,42.331966352000052],[-71.081477025999959,42.33197074800006],[-71.081477349999943,42.331975149000073],[-71.081477576999987,42.331979553000053],[-71.081477707999966,42.33198395800008],[-71.081477741999947,42.331988365000029],[-71.081477679999978,42.331992772000035],[-71.081477520999954,42.331997179000041],[-71.081477265999979,42.332001581000043],[-71.08147691399995,42.332005980000076],[-71.08147646599997,42.332010376000028],[-71.081475921999981,42.332014764000064],[-71.081475281999985,42.33201914600005],[-71.081474545999981,42.332023518000028],[-71.081473713999969,42.33202788300008],[-71.081472786999939,42.332032236000032],[-71.081471765999936,42.332036577000054],[-71.081470648999982,42.332040906000032],[-71.081469435999963,42.332045220000055],[-71.081468130999951,42.332049520000055],[-71.081466730999978,42.332053803000065],[-71.081465237999964,42.332058068000038],[-71.081463650999979,42.33206231500003],[-71.081461970999953,42.332066543000053],[-71.081460199999981,42.332070749000025],[-71.081458335999969,42.332074934000048],[-71.081456380999953,42.33207909500004],[-71.081454335999979,42.332083233000048],[-71.081452197999965,42.332087345000048],[-71.081449972999962,42.332091431000038],[-71.081447656999956,42.332095490000029],[-71.081445253999959,42.332099520000043],[-71.081442762999984,42.332103521000079],[-71.081440183999973,42.332107491000045],[-71.081437518999962,42.332111429000065],[-71.081434767999951,42.332115335000026],[-71.081431930999941,42.332119208000051],[-71.081429009999965,42.33212304500006],[-71.081426004999969,42.33212684700004],[-71.081422918999976,42.332130611000025],[-71.081419748999963,42.332134339000049],[-71.081416497999953,42.332138028000031],[-71.081413167999983,42.332141676000049],[-71.081200602999957,42.33238289500008],[-71.08110765899994,42.332497605000071],[-71.080959033999989,42.332700294000063],[-71.08055746499997,42.332475604000081],[-71.080434684999943,42.33241180300007],[-71.080625540999961,42.332234218000053],[-71.080687387999944,42.332179447000044],[-71.080743370999983,42.332129856000051],[-71.080872204999935,42.332015659000035],[-71.080720008999947,42.331851205000078],[-71.080846171999951,42.331735601000048],[-71.080897584999946,42.331698481000046],[-71.080935152999984,42.331676236000078],[-71.081052916999965,42.331632930000069],[-71.081050278999953,42.331630215000075],[-71.081094138999958,42.331606725000029],[-71.081092130999934,42.331606198000031],[-71.081090094999979,42.331605731000025],[-71.081088036999972,42.331605324000066],[-71.08108595799996,42.33160497700004],[-71.081083861999957,42.331604692000042],[-71.081081751999989,42.33160446800008],[-71.081079633999934,42.331604307000077],[-71.081077505999986,42.331604209000034],[-71.081075376999934,42.331604172000027],[-71.08107324599996,42.331604198000036],[-71.081071117999954,42.331604287000062],[-71.081068997999978,42.331604439000046],[-71.081066886999963,42.331604652000067],[-71.081102349999981,42.331598702000065],[-71.081112662999942,42.331596972000057],[-71.081129183999963,42.331588168000053],[-71.081133070999954,42.331592212000032],[-71.081271249999986,42.331518580000079],[-71.081337049999945,42.33158571000007]]]},"properties":{"OBJECTID":6,"SURVEYID":null,"HIST_NAME":"Eustis Street Protection Area","PLACE_NAME":"Roxbury","YEAR":null,"STYLE":null,"USE_TYPE":null,"TYPE":"PA","STATUS":"Designated & Activated","URL":"https://www.cityofboston.gov/landmarks/process.asp","Shape_Length":0.0099443930411050162,"Shape_Area":2.3844522413411074e-06,"shape_wkt":null}},{"type":"Feature","id":7,"geometry":{"type":"Polygon","coordinates":[[[-71.04904548199994,42.346951520000061],[-71.048922107999942,42.347404389000076],[-71.048850530999971,42.347535120000032],[-71.048163100999943,42.348407387000066],[-71.048220997999977,42.348436461000063],[-71.048740528999986,42.348697255000047],[-71.049391370999956,42.349023807000037],[-71.049545709999961,42.348833413000079],[-71.049965805999989,42.348286485000074],[-71.050522204999936,42.34757449500006],[-71.050378627999976,42.347513460000073],[-71.04904548199994,42.346951520000061]]]},"properties":{"OBJECTID":7,"SURVEYID":null,"HIST_NAME":"Fort Point A St Protection Area","PLACE_NAME":"South Boston","YEAR":null,"STYLE":null,"USE_TYPE":null,"TYPE":"PA","STATUS":"Designated & Activated","URL":"http://www.cityofboston.gov/landmarks/historic/fpc.asp","Shape_Length":0.0065443757996214947,"Shape_Area":2.4666867930440303e-06,"shape_wkt":"MULTIPOLYGON (((-71.04904548199994 42.346951520000061, -71.048922107999942 42.347404389000076, -71.048850530999971 42.347535120000032, -71.048163100999943 42.348407387000066, -71.048220997999977 42.348436461000063, -71.048740528999986 42.348697255000047, -71.049391370999956 42.349023807000037, -71.049545709999961 42.348833413000079, -71.049965805999989 42.348286485000074, -71.050522204999936 42.34757449500006, -71.050378627999976 42.347513460000073, -71.04904548199994 42.346951520000061)))"}},{"type":"Feature","id":8,"geometry":{"type":"Polygon","coordinates":[[[-71.051907498999981,42.349724023000078],[-71.051368159999981,42.349361834000035],[-71.050974918999941,42.349179842000069],[-71.051440979999938,42.348581854000031],[-71.050335131999987,42.348109254000065],[-71.051122533999944,42.347083300000065],[-71.05128756299996,42.346880574000068],[-71.051494090999938,42.346614653000074],[-71.051687984999944,42.346431976000076],[-71.051721678999968,42.346397903000025],[-71.051747407999983,42.346374386000036],[-71.051759434999951,42.346362145000057],[-71.051770872999953,42.346349603000078],[-71.051781702999961,42.346336773000075],[-71.051791941999966,42.346323668000025],[-71.051801551999972,42.346310309000046],[-71.051811886999985,42.346296782000024],[-71.051858467999978,42.346244603000059],[-71.052015394999955,42.34604590500004],[-71.052359086999957,42.345596772000079],[-71.052433450999956,42.345494806000033],[-71.052456709999944,42.345466682000051],[-71.05247864599994,42.345437976000028],[-71.052499242999943,42.345408732000067],[-71.052518470999985,42.345378973000038],[-71.052536306999968,42.345348748000049],[-71.052552737999974,42.34531807500008],[-71.052567726999939,42.34528701000005],[-71.052581262999979,42.345255580000071],[-71.05259334699997,42.345223820000058],[-71.052603949999934,42.345191774000057],[-71.052613048999945,42.345159471000045],[-71.052545535999968,42.344965246000072],[-71.052263861999961,42.34484231600004],[-71.051827763999938,42.344651985000041],[-71.051745875999984,42.344616246000044],[-71.051663206999933,42.344580118000067],[-71.051518347999945,42.34465059300004],[-71.051382796999974,42.34483474600006],[-71.051072789999978,42.345245936000026],[-71.050631798999973,42.345820613000058],[-71.050418122999986,42.346098793000067],[-71.050151608999954,42.346446314000048],[-71.050098182999989,42.346513893000065],[-71.049401079999939,42.346214721000081],[-71.049352905999967,42.346288909000066],[-71.04928567099995,42.346397348000039],[-71.04922368299998,42.346507497000061],[-71.049167023999985,42.346619212000064],[-71.049119867999934,42.346727237000039],[-71.049081193999939,42.346837100000073],[-71.04904548199994,42.346951520000061],[-71.050378627999976,42.347513460000073],[-71.050522204999936,42.34757449500006],[-71.049965805999989,42.348286485000074],[-71.049545709999961,42.348833413000079],[-71.049391370999956,42.349023807000037],[-71.048733425999956,42.348693701000059],[-71.048220997999977,42.348436461000063],[-71.048163100999943,42.348407387000066],[-71.047946077999939,42.34868738800003],[-71.047765954999988,42.348928596000064],[-71.047602582999957,42.349168459000055],[-71.047386289999963,42.349470730000064],[-71.047169352999958,42.349756799000033],[-71.04691640599998,42.350088922000054],[-71.046528695999939,42.350597985000036],[-71.047009290999938,42.350802800000054],[-71.046625867999978,42.351284013000054],[-71.04650329499998,42.351437846000067],[-71.04633967999996,42.351690652000059],[-71.04661185599997,42.351840268000046],[-71.046796228999938,42.351945298000032],[-71.046960573999968,42.352023588000066],[-71.04734532699996,42.352217518000032],[-71.047646578999945,42.352363685000057],[-71.047760653999944,42.352415805000078],[-71.048081420999949,42.352582332000054],[-71.048146452999958,42.352621973000055],[-71.048553790999961,42.352785018000077],[-71.048753517999955,42.352875969000081],[-71.048756280999953,42.352863415000058],[-71.048761453999987,42.352851287000078],[-71.04876892599998,42.352839837000033],[-71.048898537999946,42.352674447000027],[-71.049196693999988,42.352293134000035],[-71.049355273999936,42.352361333000033],[-71.04971491799995,42.352515991000075],[-71.050376425999957,42.351659715000039],[-71.050488685999937,42.351525743000025],[-71.050510600999985,42.351499887000045],[-71.050883272999954,42.351024304000077],[-71.050928800999941,42.350966205000077],[-71.05109278499998,42.350756924000052],[-71.051278511999953,42.350526248000051],[-71.051548576999949,42.350182035000046],[-71.051638009999976,42.350068048000026],[-71.051714318999984,42.349970786000029],[-71.051907498999981,42.349724023000078]]]},"properties":{"OBJECTID":8,"SURVEYID":0,"HIST_NAME":"Fort Point Landmark District","PLACE_NAME":"South Boston","YEAR":2009,"STYLE":" ","USE_TYPE":" ","TYPE":"LHD","STATUS":"Designated & Activated","URL":"http://www.cityofboston.gov/landmarks/historic/fpc.asp","Shape_Length":0.028761143591158497,"Shape_Area":2.0214311518482342e-05,"shape_wkt":null}},{"type":"Feature","id":9,"geometry":{"type":"Polygon","coordinates":[[[-71.049147470999969,42.353270655000074],[-71.04971491799995,42.352515991000075],[-71.049355273999936,42.352361333000033],[-71.049196693999988,42.352293134000035],[-71.048898537999946,42.352674447000027],[-71.04876892599998,42.352839837000033],[-71.048761465999974,42.352851290000046],[-71.048756294999976,42.352863417000037],[-71.048753517999955,42.352875969000081],[-71.048553790999961,42.352785018000077],[-71.048153451999951,42.352620259000048],[-71.047760653999944,42.352415805000078],[-71.047646578999945,42.352363685000057],[-71.04734532699996,42.352217518000032],[-71.046960573999968,42.352023588000066],[-71.046796228999938,42.351945298000032],[-71.04661185599997,42.351840268000046],[-71.04633967999996,42.351690652000059],[-71.04650329499998,42.351437846000067],[-71.046625867999978,42.351284013000054],[-71.047009290999938,42.350802800000054],[-71.046528695999939,42.350597985000036],[-71.046158204999983,42.351079002000063],[-71.046048909999968,42.351220898000065],[-71.04577128699998,42.351617636000071],[-71.045762353999976,42.351629845000048],[-71.045756104999953,42.351642940000033],[-71.045752695999965,42.351656600000069],[-71.045752209999989,42.351670487000035],[-71.045754659999943,42.351684259000081],[-71.045759984999961,42.351697576000049],[-71.045768052999961,42.351710113000081],[-71.045778665999933,42.351721558000065],[-71.04582785599996,42.351744329000041],[-71.046655986999951,42.35212754500003],[-71.046820663999938,42.352203563000046],[-71.046830688999933,42.352208388000065],[-71.04706295699998,42.35231587100003],[-71.047240024999951,42.352395664000028],[-71.047519857999987,42.352527305000081],[-71.047633232999942,42.352579766000076],[-71.048348855999961,42.352904812000077],[-71.048983024999984,42.353210768000054],[-71.049147470999969,42.353270655000074]]]},"properties":{"OBJECTID":9,"SURVEYID":null,"HIST_NAME":"Fort Point Seaport Blvd Prot. Area","PLACE_NAME":"South Boston","YEAR":null,"STYLE":null,"USE_TYPE":null,"TYPE":"PA","STATUS":"Designated & Activated","URL":"http://www.cityofboston.gov/landmarks/historic/fpc.asp","Shape_Length":0.011664452352774945,"Shape_Area":1.7755934506376275e-06,"shape_wkt":null}},{"type":"Feature","id":10,"geometry":{"type":"Polygon","coordinates":[[[-71.098057521999976,42.325662846000057],[-71.09816411099996,42.325343165000049],[-71.098263978999967,42.325052557000049],[-71.098297514999956,42.324916894000069],[-71.097768601999974,42.324852003000046],[-71.097541673999956,42.324569950000068],[-71.097086529999956,42.324209508000081],[-71.096552973999962,42.323848789000067],[-71.095862160999957,42.323555404000047],[-71.095561204999967,42.323552857000038],[-71.095336686999985,42.32318474300007],[-71.095414749999975,42.321987510000042],[-71.095434817999944,42.32191484100008],[-71.095504686999959,42.32180672700008],[-71.09534059799995,42.321716167000034],[-71.095258465999962,42.321671049000031],[-71.095393082999976,42.32154822800004],[-71.09546093199998,42.321480688000065],[-71.095189921999975,42.321380556000065],[-71.094616392999967,42.321162349000076],[-71.094095533999962,42.320826871000065],[-71.093596797999965,42.320478420000029],[-71.093194844999971,42.320814201000076],[-71.091750489999981,42.321800008000025],[-71.090743860999964,42.322596793000059],[-71.089583007999977,42.323412074000032],[-71.088755956999933,42.324228540000036],[-71.088315441999953,42.324836764000054],[-71.087951957999962,42.325445263000063],[-71.087759946999938,42.325908460000051],[-71.08765425699994,42.326163418000078],[-71.087800483999956,42.326227833000075],[-71.088352311999984,42.326398717000075],[-71.088795347999962,42.326595889000032],[-71.08935190699998,42.326882017000059],[-71.090132110999946,42.327323321000051],[-71.089833441999986,42.327716261000035],[-71.089718566999977,42.328109855000037],[-71.089622854999959,42.328382589000057],[-71.089254402999984,42.328764367000076],[-71.08806986899998,42.328013338000062],[-71.087515274999987,42.327875569000071],[-71.087195593999979,42.327791983000054],[-71.086986386999968,42.327804778000029],[-71.086598311999978,42.328241677000051],[-71.086134808999986,42.328430572000059],[-71.086002540999971,42.329020840000055],[-71.085972057999982,42.329513324000061],[-71.087498611999933,42.330306821000079],[-71.088772032999941,42.330773581000074],[-71.089801623999961,42.331050032000064],[-71.090964756999938,42.331205717000046],[-71.091730231999975,42.331269054000074],[-71.092802444999961,42.331272857000044],[-71.092965975999959,42.331250706000048],[-71.092920757999934,42.33105923200003],[-71.092784848999941,42.330833329000029],[-71.092645738999977,42.33068826300007],[-71.092588097999965,42.330540948000078],[-71.092598302999988,42.330390204000025],[-71.092961847999959,42.330399526000065],[-71.092963077999968,42.330241424000064],[-71.09308858299994,42.330240375000074],[-71.093081146999964,42.330522620000067],[-71.093419707999942,42.330528647000051],[-71.093855390999977,42.33051989900008],[-71.09407951299994,42.330552413000078],[-71.094299144999979,42.330652408000049],[-71.094551887999955,42.33035983700006],[-71.094610307999972,42.330257563000032],[-71.094923318999975,42.330365351000069],[-71.095088034999947,42.330157412000062],[-71.095095749999984,42.329973166000059],[-71.09487441899995,42.329836606000072],[-71.095025567999983,42.329706208000061],[-71.094804174999979,42.329528427000071],[-71.095056998999951,42.329284175000055],[-71.095288855999968,42.329126952000081],[-71.095439010999939,42.328785104000076],[-71.095661159999963,42.328423385000065],[-71.096011637999936,42.327779662000069],[-71.096265946999949,42.327867842000046],[-71.096437960999936,42.327538695000044],[-71.096630163999976,42.327117482000062],[-71.09681623299997,42.326633205000064],[-71.09697706299994,42.326591411000038],[-71.096993601999941,42.326488349000044],[-71.096981828999958,42.326284637000072],[-71.096988783999961,42.326234226000054],[-71.097859405999941,42.326261659000068],[-71.098057521999976,42.325662846000057]]]},"properties":{"OBJECTID":10,"SURVEYID":null,"HIST_NAME":"Highland Park Architectural Conservation District","PLACE_NAME":"Roxbury","YEAR":2022,"STYLE":null,"USE_TYPE":"Residential District","TYPE":"ACD","STATUS":"Designated & Activated","URL":"https://www.boston.gov/historic-district/highland-park-architectural-conservation-district","Shape_Length":0.044323832112954202,"Shape_Area":7.223561668991169e-05,"shape_wkt":null}},{"type":"Feature","id":11,"geometry":{"type":"MultiPolygon","coordinates":[[[[-71.062875278999968,42.360991011000067],[-71.062878320999971,42.361168074000034],[-71.063198732999979,42.361160760000075],[-71.063422475999971,42.36115411600008],[-71.063530772999968,42.361148817000071],[-71.063607107999985,42.361138550000078],[-71.063939185999971,42.361139395000066],[-71.064131952999958,42.361142158000064],[-71.064276490999987,42.361141874000054],[-71.064597567999954,42.361137769000038],[-71.065075459999946,42.361124001000064],[-71.065174105999972,42.361121012000069],[-71.065468031999956,42.361121360000027],[-71.06574027399995,42.361119562000056],[-71.066017483999985,42.36112100400004],[-71.066193088999967,42.361135521000051],[-71.066402487999937,42.361148626000045],[-71.066831237999963,42.361133516000052],[-71.067103711999948,42.36112481400005],[-71.067389977999937,42.361109810000073],[-71.067955418999986,42.361087319000035],[-71.068224331999943,42.361086564000061],[-71.068418691999966,42.361082132000035],[-71.068766068999935,42.361070699000038],[-71.068990013999951,42.361065834000044],[-71.069213279999985,42.361064097000053],[-71.06960767299995,42.361058357000047],[-71.069853659999978,42.361048628000049],[-71.069948091999947,42.36103341900008],[-71.07002622899995,42.361008362000064],[-71.070089841999959,42.36097447700007],[-71.070234485999947,42.360922684000059],[-71.07029872399994,42.360904008000034],[-71.070365721999963,42.36088828100003],[-71.070421144999955,42.360882733000039],[-71.070483670999977,42.360877470000048],[-71.070551941999952,42.360878616000036],[-71.070636623999974,42.360893334000025],[-71.070730391999973,42.360915023000075],[-71.070826360999945,42.360930898000049],[-71.070907550999948,42.360948608000058],[-71.070937867999987,42.360886593000032],[-71.070971075999978,42.360822648000067],[-71.07107926499998,42.360816790000058],[-71.071134834999953,42.360824250000064],[-71.071189790999938,42.360828748000074],[-71.071240814999953,42.360830755000052],[-71.071304336999958,42.360840845000041],[-71.071347494999941,42.360840746000065],[-71.071400221999966,42.360837624000055],[-71.07146751099998,42.360832857000048],[-71.071515095999985,42.360829799000044],[-71.071558331999938,42.360815454000033],[-71.071632669999985,42.36078738100008],[-71.071717318999958,42.360743070000069],[-71.071768125999938,42.360708822000049],[-71.071814708999966,42.360664903000043],[-71.071867607999934,42.360586271000045],[-71.071899794999979,42.360509884000066],[-71.073176398999976,42.356188254000074],[-71.072939957999949,42.355954027000053],[-71.07294008599996,42.355948994000073],[-71.072842184999956,42.355881202000035],[-71.072735894999937,42.355658743000049],[-71.072625432999985,42.355437893000044],[-71.072548925999968,42.355521465000038],[-71.072445101999961,42.355550416000028],[-71.072348299999987,42.355577402000051],[-71.07224137999998,42.355539298000053],[-71.072090972999945,42.355574233000027],[-71.071952526999951,42.355611759000055],[-71.071847649999938,42.355639156000052],[-71.071786940999971,42.355652529000054],[-71.071729934999951,42.355668484000034],[-71.07162922599997,42.35569287900006],[-71.071535364999988,42.355716861000076],[-71.071409878999987,42.355750257000068],[-71.071282850999978,42.355783698000039],[-71.071063877999961,42.355832659000043],[-71.070920747999935,42.355862246000072],[-71.070823773999962,42.355881883000052],[-71.07071517199995,42.355904987000031],[-71.07062958299997,42.355922937000059],[-71.070557548999943,42.355938944000059],[-71.070438355999954,42.355967484000075],[-71.070377045999976,42.355981756000062],[-71.070277560999955,42.356004103000032],[-71.070207788999937,42.356018480000046],[-71.070174423999958,42.356026240000062],[-71.070067136999967,42.356046637000077],[-71.069950709999944,42.356070981000073],[-71.06984453299998,42.356098244000066],[-71.069690818999959,42.356134958000041],[-71.069400841999936,42.35619679000007],[-71.069111281999938,42.356278799000052],[-71.069038033999959,42.35629810100005],[-71.068942474999972,42.356328094000048],[-71.068838064999966,42.356362795000052],[-71.068747632999987,42.356373430000076],[-71.068648104999966,42.356401434000077],[-71.068591918999971,42.356414929000039],[-71.068508507999979,42.356426555000041],[-71.068421815999955,42.356448889000035],[-71.068349768999951,42.356466245000036],[-71.068244342999947,42.356491677000065],[-71.06814200599996,42.356513299000028],[-71.06800383999996,42.356534314000044],[-71.067931287999954,42.356551114000069],[-71.067865243999961,42.356568438000068],[-71.067795147999959,42.356580189000056],[-71.067667927999935,42.356610658000079],[-71.067576836999933,42.356632808000029],[-71.067464683999958,42.356657130000031],[-71.067385646999981,42.356675266000025],[-71.067190879999941,42.356717871000058],[-71.067031102999977,42.356760268000073],[-71.066830533999962,42.356792970000072],[-71.066517987999987,42.35685981000006],[-71.066408144999968,42.356883223000068],[-71.066253635999942,42.356917476000035],[-71.066086290999976,42.356952350000029],[-71.065922803999968,42.356985626000039],[-71.065772829999958,42.357019358000059],[-71.065514587999985,42.357086431000027],[-71.065396944999975,42.357111570000029],[-71.065293250999957,42.35713602900006],[-71.065123213999982,42.357182479000073],[-71.06507426099995,42.357186320000039],[-71.064889487999949,42.357235915000047],[-71.064766302999942,42.357264943000075],[-71.064510936999966,42.35733179500005],[-71.063650462999988,42.357584724000048],[-71.063332065999987,42.357701613000074],[-71.063300930999958,42.35773191100003],[-71.063247200999967,42.35762864600008],[-71.063231966999979,42.357622726000045],[-71.063190976999977,42.35758321000003],[-71.062184652999974,42.35661645700003],[-71.06217537699996,42.356604616000027],[-71.062169264999966,42.35659761800008],[-71.062158921999981,42.356587012000034],[-71.062145925999971,42.356567521000045],[-71.062136384999974,42.356546962000039],[-71.061991560999957,42.35667311800006],[-71.061981754999977,42.356673903000058],[-71.061972196999989,42.356675705000043],[-71.061963075999984,42.356678488000057],[-71.06195457299998,42.356682195000076],[-71.061946859999978,42.35668675200003],[-71.061824408999939,42.356760979000057],[-71.061816102999956,42.356764953000038],[-71.061808691999943,42.356769801000041],[-71.061802339999986,42.35677541900003],[-71.061797192999961,42.356781678000061],[-71.061793363999982,42.356788438000081],[-71.061790941999959,42.356795543000032],[-71.061789979999958,42.356802841000047],[-71.06102219099995,42.357529303000035],[-71.061095292999937,42.357560721000027],[-71.061056977999954,42.357658283000035],[-71.061425535999945,42.357752765000043],[-71.061543746999973,42.357782343000054],[-71.061702298999933,42.357823358000076],[-71.061811291999959,42.357850151000036],[-71.061773831999972,42.357925641000065],[-71.061777123999946,42.357928353000034],[-71.061759169999959,42.357976605000033],[-71.061832885999934,42.358034650000036],[-71.06193167899994,42.35811585600004],[-71.062321007999969,42.357972914000072],[-71.062545031999946,42.357890479000048],[-71.06263034899996,42.357859222000059],[-71.06273463399998,42.35796113300006],[-71.06292827599998,42.358831663000046],[-71.062890946999971,42.35941076000006],[-71.062896471999977,42.359495134000042],[-71.06287832199996,42.359576046000029],[-71.062881834999985,42.359624547000067],[-71.062887242999977,42.359693484000047],[-71.062888405999956,42.359769064000034],[-71.062883374999956,42.359826275000046],[-71.062881215999937,42.359911392000072],[-71.06287711799996,42.360100220000049],[-71.062875579999968,42.360212489000048],[-71.062876993999964,42.360291895000046],[-71.062875604999988,42.360377440000036],[-71.062877773999958,42.360687089000066],[-71.062875278999968,42.360991011000067]]],[[[-71.064378259999955,42.361797869000043],[-71.064365347999967,42.361583894000034],[-71.064353277999942,42.361333908000063],[-71.063992931999962,42.361334132000025],[-71.063982341999974,42.361334820000025],[-71.063972064999973,42.361336843000061],[-71.063962408999942,42.361340142000074],[-71.063953656999956,42.361344619000079],[-71.06394606899994,42.361350141000059],[-71.063939867999977,42.361356546000025],[-71.063935237999942,42.36136364400005],[-71.063932315999978,42.361371225000028],[-71.063931188999959,42.361379065000051],[-71.063931887999956,42.361386933000063],[-71.063970099999949,42.361807243000044],[-71.064378259999955,42.361797869000043]]],[[[-71.064438471999949,42.361335749000034],[-71.064462576999972,42.361693630000048],[-71.064421584999934,42.36169529600005],[-71.064424757999973,42.361743822000051],[-71.064797173999978,42.361730805000036],[-71.064790692999964,42.361649381000063],[-71.064752029999966,42.36164991000004],[-71.064727956999945,42.361334418000069],[-71.064438471999949,42.361335749000034]]]]},"properties":{"OBJECTID":11,"SURVEYID":14242,"HIST_NAME":"Historic Beacon Hill District","PLACE_NAME":"Boston","YEAR":1955,"STYLE":" ","USE_TYPE":"Other","TYPE":"Landmark District","STATUS":"Designated & Activated","URL":"https://www.boston.gov/historic-district/historic-beacon-hill-district","Shape_Length":0.036299080713455147,"Shape_Area":4.5027746524055729e-05,"shape_wkt":null}},{"type":"Feature","id":12,"geometry":{"type":"Polygon","coordinates":[[[-71.102502423999965,42.334886757000049],[-71.102764392999973,42.334792138000068],[-71.103166884999951,42.334632573000079],[-71.103167300999985,42.334632814000031],[-71.103167713999937,42.33463303800005],[-71.103168129999972,42.33463325300005],[-71.103168567999944,42.334633457000052],[-71.103169016999971,42.334633644000064],[-71.103169468999965,42.334633823000047],[-71.103169932999947,42.334633991000032],[-71.103170392999971,42.334634151000046],[-71.103170878999947,42.334634294000068],[-71.103171353999983,42.334634426000036],[-71.103171841999938,42.334634540000025],[-71.103172338999968,42.334634656000048],[-71.103172837999978,42.334634744000027],[-71.103173334999951,42.334634821000066],[-71.103173845999947,42.334634893000043],[-71.103174356999943,42.334634944000072],[-71.10317486799994,42.334634988000062],[-71.103175374999978,42.334635021000054],[-71.103175896999971,42.334635026000058],[-71.103176405999989,42.33463503400003],[-71.103176916999985,42.334635023000033],[-71.103177426999935,42.334634993000066],[-71.103177948999985,42.33463495500007],[-71.103178458999935,42.334634909000044],[-71.103178963999937,42.33463484300006],[-71.103179462999947,42.334634759000039],[-71.103179960999967,42.334634677000054],[-71.103180455999961,42.334634565000044],[-71.103180954999971,42.33463445600006],[-71.103181437999979,42.33463432700006],[-71.103181910999979,42.334634183000048],[-71.103182382999933,42.33463402700005],[-71.103182839999988,42.334633863000079],[-71.103183300999945,42.334633680000024],[-71.103374426999949,42.334555753000075],[-71.103448054999944,42.334526450000055],[-71.103516515999956,42.334499203000064],[-71.103634586999988,42.334452213000077],[-71.104089414999976,42.334271195000042],[-71.103963823999948,42.334230952000041],[-71.103847856999948,42.334194393000075],[-71.103733258999966,42.334158108000054],[-71.103490584999975,42.334081583000057],[-71.103479030999949,42.334100282000065],[-71.103209073999949,42.334009654000056],[-71.103081282999938,42.333960782000077],[-71.103223751999963,42.333726745000035],[-71.103125778999981,42.333693235000055],[-71.103055750999943,42.333668966000062],[-71.102983584999947,42.333644245000073],[-71.102916488999938,42.333620736000057],[-71.102856090999978,42.333599807000041],[-71.102784757999984,42.333574962000057],[-71.102682839999943,42.333539778000045],[-71.102531529999965,42.33377858800003],[-71.102394084999958,42.333747752000079],[-71.102127232999976,42.333652943000061],[-71.10209152699997,42.333708834000049],[-71.102063912999938,42.333754153000029],[-71.102035666999939,42.333798631000036],[-71.102007893999939,42.333843692000073],[-71.101980087999948,42.333888703000071],[-71.101951295999982,42.333934169000031],[-71.101923062999958,42.333979298000031],[-71.101895290999948,42.334024567000029],[-71.101867326999979,42.33406937400008],[-71.101838760999954,42.334114056000033],[-71.101821043999962,42.334143118000043],[-71.10181132699995,42.334159058000068],[-71.101782708999963,42.334203654000078],[-71.101754891999974,42.334248554000055],[-71.101724623999985,42.33429801300008],[-71.10169601299998,42.334343854000053],[-71.101668428999972,42.334388048000051],[-71.101767392999989,42.334421251000038],[-71.101766794999946,42.334422305000032],[-71.101890398999956,42.334463780000078],[-71.101890931999947,42.334462698000038],[-71.101937118999956,42.334478194000042],[-71.102076069999953,42.334533005000026],[-71.102040959999954,42.334589761000075],[-71.102002618999961,42.334652762000076],[-71.101959940999961,42.334722347000024],[-71.102235921999977,42.334815375000062],[-71.102473101999976,42.33489564000007],[-71.102502423999965,42.334886757000049]]]},"properties":{"OBJECTID":12,"SURVEYID":24554,"HIST_NAME":"Mission Hill Triangle Architectural Conservation District","PLACE_NAME":"Mission Hill","YEAR":1986,"STYLE":" ","USE_TYPE":"Residential District","TYPE":"LHD","STATUS":"Designated & Activated","URL":"http://www.cityofboston.gov/landmarks/historic/missionhill.asp","Shape_Length":0.0064254423433807595,"Shape_Area":1.6929165570540453e-06,"shape_wkt":null}},{"type":"Feature","id":13,"geometry":{"type":"Polygon","coordinates":[[[-71.068367809999984,42.347560292000026],[-71.068967246999989,42.347627274000047],[-71.069259091999982,42.347647433000077],[-71.06940709099996,42.347653616000059],[-71.069555302999959,42.347655628000041],[-71.07113351199996,42.347660205000068],[-71.071452972999964,42.347659518000057],[-71.072819467999977,42.347654713000054],[-71.07366435299997,42.347289727000032],[-71.073722973999963,42.347330587000044],[-71.073726841999985,42.347333124000045],[-71.073734917999957,42.347337899000081],[-71.073743418999982,42.347342249000064],[-71.073752314999979,42.347346146000064],[-71.07375689099996,42.347347919000072],[-71.073765084999934,42.347350569000071],[-71.07377108299994,42.347352507000039],[-71.073775952999938,42.34735379600005],[-71.073785852999947,42.347355976000074],[-71.073790211999949,42.347356696000077],[-71.07379592999996,42.347357640000041],[-71.073800337999955,42.347358076000035],[-71.073805874999948,42.347358622000058],[-71.073811282999941,42.347359158000074],[-71.073821596999949,42.347359503000064],[-71.073826769999982,42.347359467000047],[-71.073837074999972,42.347359008000069],[-71.073841008999977,42.347358691000068],[-71.074354606999975,42.347311952000041],[-71.075386842999933,42.347139654000046],[-71.075713762999953,42.347082988000068],[-71.076024941999947,42.347074494000026],[-71.076323657999978,42.346964731000071],[-71.076447275999953,42.346895858000039],[-71.076503455999955,42.34685487400003],[-71.076626829999952,42.346759921000057],[-71.07663983499998,42.346768441000052],[-71.076786527999957,42.346645186000046],[-71.076767555999936,42.346632465000027],[-71.076816312999938,42.346591488000058],[-71.07683568899995,42.346603878000053],[-71.07713585099998,42.34634789200004],[-71.07720840099995,42.346397264000075],[-71.079894153999987,42.34420201000006],[-71.080038601999945,42.344103002000054],[-71.080521291999958,42.343682842000078],[-71.081187212999964,42.343144156000051],[-71.082510284999955,42.342057274000069],[-71.082796104999943,42.341812013000037],[-71.083010108999986,42.341631104000044],[-71.083221668999954,42.341435477000061],[-71.083467912999936,42.341231939000068],[-71.083431078999979,42.341206744000033],[-71.082832157999974,42.34079911200007],[-71.082978665999974,42.340677896000045],[-71.083095427999979,42.340603269000042],[-71.083229173999939,42.340712456000063],[-71.083277614999986,42.340545191000047],[-71.082963379999967,42.340290730000049],[-71.083722555999941,42.339676419000057],[-71.083157821999976,42.339294830000028],[-71.082942414999934,42.339149922000047],[-71.082057319999933,42.338553780000041],[-71.08177283699996,42.33836098200004],[-71.081488319999949,42.33816349500006],[-71.081436022999981,42.338126557000066],[-71.079453390999959,42.336757061000071],[-71.079278220999981,42.336637282000027],[-71.078676230999974,42.336232151000047],[-71.078123155999947,42.335853808000024],[-71.077848878999987,42.336083484000028],[-71.077720317999933,42.336173250000058],[-71.077418525999974,42.335939869000072],[-71.077123825999934,42.335685701000045],[-71.077079191999985,42.335648750000075],[-71.076617085999942,42.335268123000048],[-71.076434423999956,42.335115236000036],[-71.076169825999955,42.334898589000034],[-71.076119548999941,42.334854522000057],[-71.075771408999969,42.334561894000046],[-71.075636103999955,42.334427512000047],[-71.074916138999981,42.334988748000058],[-71.073533451999936,42.336107263000031],[-71.073213860999942,42.336360382000066],[-71.073091003999934,42.336464617000047],[-71.072588165999946,42.33686586400006],[-71.072467587999938,42.336962092000078],[-71.071950580999953,42.337374637000039],[-71.07181535899997,42.337485467000079],[-71.071438088999969,42.337791046000063],[-71.070953982999981,42.33822002200003],[-71.070378460999962,42.337731218000044],[-71.070547253999962,42.337619971000038],[-71.070553813999936,42.337614780000081],[-71.070559061999973,42.33760882200005],[-71.070562837999944,42.337602280000056],[-71.070565024999951,42.337595352000051],[-71.070565560999967,42.337588247000042],[-71.070564426999965,42.337581180000029],[-71.070561656999985,42.337574367000059],[-71.070557335999979,42.337568013000066],[-71.070551596999962,42.337562312000045],[-71.070381511999983,42.337420180000038],[-71.070327136999936,42.337374963000059],[-71.07027493399994,42.337330975000043],[-71.070221753999988,42.337286679000044],[-71.070168946999956,42.337242486000036],[-71.070117635999964,42.337199653000027],[-71.070064439999953,42.33715539800005],[-71.070011449999981,42.337110875000064],[-71.069966207999983,42.337072973000033],[-71.069910559999983,42.337026370000046],[-71.069862944999954,42.336986753000076],[-71.069807376999961,42.336939027000028],[-71.06975128299996,42.336893746000044],[-71.069703412999957,42.336853566000059],[-71.069658004999951,42.33681553100007],[-71.069640762999938,42.33680092700007],[-71.06963435199998,42.336796290000052],[-71.069627022999953,42.336792477000074],[-71.069618963999972,42.336789583000041],[-71.069610383999986,42.336787688000072],[-71.06960150599997,42.336786837000034],[-71.069592557999954,42.336787054000069],[-71.069583772999977,42.336788333000072],[-71.069575378999957,42.336790640000061],[-71.069567591999942,42.33679391700008],[-71.069560612999965,42.336798078000072],[-71.069397686999935,42.336913975000073],[-71.069269267999971,42.337011638000035],[-71.069045000999949,42.337175731000059],[-71.068953271999987,42.337240074000078],[-71.068738894999967,42.337392789000035],[-71.069736150999972,42.338235437000037],[-71.06978689999994,42.338275976000034],[-71.070294469999965,42.338700797000058],[-71.07029651199997,42.338699152000061],[-71.070303623999962,42.338702615000045],[-71.070173275999935,42.33880277600008],[-71.069669029999943,42.339207507000026],[-71.069536367999945,42.339312120000045],[-71.069102935999979,42.33965696100006],[-71.068977397999959,42.339759822000076],[-71.06881522599997,42.339894496000056],[-71.068758142999968,42.339940872000057],[-71.068712734999963,42.339978021000036],[-71.068672666999987,42.340010618000065],[-71.06858177099997,42.340081645000055],[-71.068427742999972,42.340198341000075],[-71.067714897999963,42.339965742000061],[-71.067644446999964,42.339942324000049],[-71.067573488999983,42.339919300000076],[-71.06728757999997,42.339825899000061],[-71.066887185999974,42.339695100000029],[-71.066435450999961,42.339547529000072],[-71.066137247999961,42.340046890000053],[-71.066212760999974,42.340071513000055],[-71.066283307999981,42.340094528000066],[-71.066656532999957,42.340215711000042],[-71.067412586999978,42.340990356000077],[-71.067495081999937,42.341160536000075],[-71.068165412999974,42.341733593000072],[-71.068228872999953,42.341776515000049],[-71.068116514999986,42.341845571000079],[-71.068096191999985,42.341860075000056],[-71.068056227999989,42.34188839400008],[-71.068040089999954,42.341901790000065],[-71.067999437999958,42.341928554000049],[-71.067941249999933,42.34196922600006],[-71.067886553999983,42.342009395000048],[-71.067846843999973,42.342041534000032],[-71.067761711999935,42.342085983000061],[-71.067654666999942,42.342171008000037],[-71.066978136999978,42.342708451000078],[-71.066899969999952,42.342768797000076],[-71.066837089999979,42.342818157000067],[-71.066786752999974,42.342857944000059],[-71.066734844999985,42.342898906000073],[-71.066452389999938,42.343120490000047],[-71.066228345999946,42.343334279000032],[-71.066092217999937,42.343466573000057],[-71.066005214999961,42.343555928000058],[-71.065983307999943,42.343610760000047],[-71.065952963999962,42.343672198000036],[-71.06581999499997,42.343627039000069],[-71.065820750999933,42.343622929000048],[-71.065701985999965,42.343586146000064],[-71.065558468999939,42.343541884000047],[-71.065436622999982,42.343575456000053],[-71.065430654999943,42.343585501000064],[-71.065358181999954,42.343707455000072],[-71.065275692999933,42.343823567000072],[-71.065187154999933,42.343973198000072],[-71.065185440999983,42.343972633000078],[-71.065105942999935,42.344119295000041],[-71.065221157999986,42.344152985000051],[-71.065614626999945,42.344274418000055],[-71.065794357999948,42.343972868000037],[-71.066094368999984,42.344063780000056],[-71.066526041999964,42.344212447000075],[-71.066920593999953,42.344348340000067],[-71.067168638999988,42.344442702000038],[-71.067179801999941,42.344443219000027],[-71.067190736999976,42.344444962000068],[-71.067201199999943,42.344447893000051],[-71.067324252999981,42.344490835000045],[-71.067915976999984,42.344695857000033],[-71.068120275999945,42.34476161300006],[-71.068249512999955,42.344806445000074],[-71.068312318999972,42.344830878000039],[-71.068823344999942,42.34500716000008],[-71.069023671999958,42.345078999000066],[-71.069506593999961,42.345246391000046],[-71.069555929999979,42.345261973000049],[-71.069564036999964,42.345268968000028],[-71.069570450999947,42.345276871000067],[-71.069574988999989,42.345285460000071],[-71.069577523999953,42.345294490000072],[-71.069577983999977,42.345303709000063],[-71.06957635699996,42.345312854000042],[-71.069572686999948,42.345321669000043],[-71.069489614999952,42.345474315000047],[-71.068454895999935,42.34738021000004],[-71.068417920999934,42.347521699000026],[-71.068367809999984,42.347560292000026]]]},"properties":{"OBJECTID":13,"SURVEYID":30009,"HIST_NAME":"South End Landmark District","PLACE_NAME":"South End","YEAR":1983,"STYLE":" ","USE_TYPE":"Other Governmental or Civic","TYPE":"LHD","STATUS":"Designated & Activated","URL":"http://www.cityofboston.gov/landmarks/historic/southend.asp","Shape_Length":0.06109925801467448,"Shape_Area":0.00013948602821168039,"shape_wkt":null}},{"type":"Feature","id":14,"geometry":{"type":"Polygon","coordinates":[[[-71.066505752999944,42.34733899400004],[-71.068367809999984,42.347560292000026],[-71.068417920999934,42.347521699000026],[-71.068454895999935,42.34738021000004],[-71.069489614999952,42.345474315000047],[-71.069572686999948,42.345321669000043],[-71.06957635699996,42.345312854000042],[-71.069577983999977,42.345303709000063],[-71.069577523999953,42.345294490000072],[-71.069574988999989,42.345285460000071],[-71.069570450999947,42.345276871000067],[-71.069564036999964,42.345268968000028],[-71.069555929999979,42.345261973000049],[-71.069506593999961,42.345246391000046],[-71.069023671999958,42.345078999000066],[-71.068823344999942,42.34500716000008],[-71.068312318999972,42.344830878000039],[-71.068249512999955,42.344806445000074],[-71.068120275999945,42.34476161300006],[-71.067915976999984,42.344695857000033],[-71.067324252999981,42.344490835000045],[-71.067201199999943,42.344447893000051],[-71.06719073499994,42.344444968000062],[-71.067179800999952,42.344443225000077],[-71.067168638999988,42.344442702000038],[-71.066920593999953,42.344348340000067],[-71.066526041999964,42.344212447000075],[-71.066094368999984,42.344063780000056],[-71.065794357999948,42.343972868000037],[-71.065614626999945,42.344274418000055],[-71.065221157999986,42.344152985000051],[-71.065105942999935,42.344119295000041],[-71.065185440999983,42.343972633000078],[-71.065187154999933,42.343973198000072],[-71.065275692999933,42.343823567000072],[-71.065358181999954,42.343707455000072],[-71.065430654999943,42.343585501000064],[-71.065436622999982,42.343575456000053],[-71.065558468999939,42.343541884000047],[-71.065701985999965,42.343586146000064],[-71.065820750999933,42.343622929000048],[-71.06581999499997,42.343627039000069],[-71.065952963999962,42.343672198000036],[-71.065983307999943,42.343610760000047],[-71.066005214999961,42.343555928000058],[-71.066092217999937,42.343466573000057],[-71.066228345999946,42.343334279000032],[-71.066452389999938,42.343120490000047],[-71.066734844999985,42.342898906000073],[-71.066786752999974,42.342857944000059],[-71.066837089999979,42.342818157000067],[-71.066899969999952,42.342768797000076],[-71.066978136999978,42.342708451000078],[-71.067654666999942,42.342171008000037],[-71.067761711999935,42.342085983000061],[-71.067846843999973,42.342041534000032],[-71.067886553999983,42.342009395000048],[-71.067941249999933,42.34196922600006],[-71.067999437999958,42.341928554000049],[-71.068040089999954,42.341901790000065],[-71.068056227999989,42.34188839400008],[-71.068096191999985,42.341860075000056],[-71.068116514999986,42.341845571000079],[-71.06818020999998,42.341809151000064],[-71.068228872999953,42.341776515000049],[-71.068165412999974,42.341733593000072],[-71.067495081999937,42.341160536000075],[-71.067412586999978,42.340990356000077],[-71.066656532999957,42.340215711000042],[-71.066283307999981,42.340094528000066],[-71.066212760999974,42.340071513000055],[-71.066137247999961,42.340046890000053],[-71.066435450999961,42.339547529000072],[-71.068427742999972,42.340198341000075],[-71.06858177099997,42.340081645000055],[-71.068672666999987,42.340010618000065],[-71.068712734999963,42.339978021000036],[-71.068758142999968,42.339940872000057],[-71.06881522599997,42.339894496000056],[-71.068977397999959,42.339759822000076],[-71.069102935999979,42.33965696100006],[-71.069536367999945,42.339312120000045],[-71.069669029999943,42.339207507000026],[-71.070303623999962,42.338702615000045],[-71.06978689999994,42.338275976000034],[-71.069736150999972,42.338235437000037],[-71.068738894999967,42.337392789000035],[-71.068953271999987,42.337240074000078],[-71.069045000999949,42.337175731000059],[-71.069269267999971,42.337011638000035],[-71.069397686999935,42.336913975000073],[-71.069560612999965,42.336798078000072],[-71.069567592999988,42.336793920000048],[-71.069575379999947,42.336790646000054],[-71.069583774999955,42.336788339000066],[-71.069592558999943,42.336787061000052],[-71.06960150499998,42.336786845000063],[-71.06961038299994,42.336787695000055],[-71.069618962999982,42.33678959000008],[-71.069627020999974,42.336792481000032],[-71.069634350999934,42.336796292000031],[-71.069640762999938,42.33680092700007],[-71.069658004999951,42.33681553100007],[-71.069703412999957,42.336853566000059],[-71.06975128299996,42.336893746000044],[-71.069807376999961,42.336939027000028],[-71.069862944999954,42.336986753000076],[-71.069910559999983,42.337026370000046],[-71.069966207999983,42.337072973000033],[-71.070011449999981,42.337110875000064],[-71.070064439999953,42.33715539800005],[-71.070117635999964,42.337199653000027],[-71.070168946999956,42.337242486000036],[-71.070221753999988,42.337286679000044],[-71.07027493399994,42.337330975000043],[-71.070327136999936,42.337374963000059],[-71.070381511999983,42.337420180000038],[-71.070551596999962,42.337562312000045],[-71.070557335999979,42.337568013000066],[-71.070561656999985,42.337574367000059],[-71.070564426999965,42.337581180000029],[-71.070565560999967,42.337588247000042],[-71.070565024999951,42.337595352000051],[-71.070562837999944,42.337602280000056],[-71.070559061999973,42.33760882200005],[-71.070553813999936,42.337614780000081],[-71.070547253999962,42.337619971000038],[-71.070378460999962,42.337731218000044],[-71.07093402199996,42.338194033000036],[-71.071436901999959,42.337789741000051],[-71.07181535899997,42.337485467000079],[-71.071950580999953,42.337374637000039],[-71.072467587999938,42.336962092000078],[-71.072588165999946,42.33686586400006],[-71.073091003999934,42.336464617000047],[-71.073213860999942,42.336360382000066],[-71.073533451999936,42.336107263000031],[-71.074916138999981,42.334988748000058],[-71.075147601999959,42.334799158000067],[-71.075636103999955,42.334427512000047],[-71.074834519999968,42.333363615000053],[-71.074806985999942,42.333324760000039],[-71.074772245999952,42.333289226000034],[-71.074731014999941,42.333257743000047],[-71.074684140999977,42.333230957000069],[-71.07463258699994,42.333209421000049],[-71.07457741099995,42.333193574000063],[-71.074519748999933,42.333183744000053],[-71.074460784999985,42.333180133000042],[-71.074401729999977,42.333182814000054],[-71.074343799999951,42.333191733000035],[-71.074288183999954,42.333206707000045],[-71.073874872999966,42.333461662000047],[-71.073383804999935,42.333738199000038],[-71.073186977999967,42.333571845000051],[-71.072793764999972,42.333249271000057],[-71.072667598999942,42.333146465000027],[-71.072476032999987,42.333020315000056],[-71.07243400699997,42.333002407000038],[-71.07238867999996,42.332989680000026],[-71.072341204999987,42.332982456000025],[-71.072292785999934,42.332980919000079],[-71.072244652999984,42.332985110000038],[-71.072198025999967,42.332994919000043],[-71.072154092999938,42.333010099000035],[-71.072098493999988,42.333032127000081],[-71.071317570999952,42.333604161000039],[-71.070571581999957,42.334132422000039],[-71.070313981999959,42.334296269000049],[-71.070050573999936,42.334454951000055],[-71.069781544999955,42.334608355000057],[-71.069507088999956,42.334756372000072],[-71.069227399999988,42.334898896000027],[-71.068942677999985,42.335035825000034],[-71.068653126999948,42.335167062000039],[-71.068535924999935,42.335220215000049],[-71.068415573999971,42.335269340000025],[-71.068292321999934,42.335314333000042],[-71.068166427999984,42.335355102000051],[-71.067943666999952,42.335409818000073],[-71.067718399999933,42.335458563000032],[-71.067490916999986,42.335501269000076],[-71.067261513999938,42.335537886000054],[-71.067030483999986,42.335568364000039],[-71.066798128999949,42.335592663000057],[-71.066709783999954,42.335606184000028],[-71.066623729999947,42.335626253000044],[-71.066540845999953,42.335652666000044],[-71.066461979999985,42.335685152000053],[-71.066387937999934,42.335723381000037],[-71.066319476999979,42.335766960000058],[-71.066257294999957,42.335815445000037],[-71.066202028999953,42.335868340000047],[-71.066154243999961,42.335925105000058],[-71.066114427999935,42.335985160000064],[-71.066082987999948,42.336047889000042],[-71.066060243999971,42.336112654000033],[-71.066046430999961,42.336178791000066],[-71.066041687999984,42.33624562500006],[-71.06599730399995,42.336646840000071],[-71.065898336999965,42.336755579000055],[-71.065877343999944,42.336857419000069],[-71.065851760999976,42.336958679000077],[-71.065821612999969,42.337059246000081],[-71.065782331999969,42.337175631000036],[-71.065737716999934,42.337290953000036],[-71.065687821999973,42.337405078000074],[-71.065579677999949,42.337628425000048],[-71.065001008999957,42.338567386000079],[-71.064910687999941,42.338810785000078],[-71.064465459999951,42.339437345000078],[-71.06368195999994,42.34033239200005],[-71.063627781999969,42.340941199000042],[-71.063576787999978,42.341044149000027],[-71.063220692999948,42.341793610000025],[-71.063146850999942,42.341961100000049],[-71.063079658999982,42.342103181000027],[-71.062926342999958,42.342431436000027],[-71.062839050999969,42.342612634000034],[-71.062811652999983,42.342663923000032],[-71.062675765999984,42.34294772700008],[-71.062587818999987,42.343154871000081],[-71.062218926999947,42.343938691000062],[-71.062113206999982,42.344174710000061],[-71.061960609999971,42.344556157000056],[-71.061876801999972,42.344762476000028],[-71.061781185999962,42.345000192000043],[-71.061751103999939,42.345074322000073],[-71.061654187999977,42.345315938000056],[-71.061636122999971,42.34536085600007],[-71.061589295999966,42.345477293000044],[-71.061440661999939,42.345846821000066],[-71.06136700199994,42.346036709000032],[-71.061303774999942,42.346198749000052],[-71.063023882999971,42.346584797000048],[-71.063260698999954,42.346601902000032],[-71.064401281999949,42.346865858000058],[-71.06463284199998,42.346912127000053],[-71.065687439999977,42.347163563000038],[-71.065901791999977,42.347224631000074],[-71.066050862999987,42.347258510000074],[-71.066201318999958,42.347288880000065],[-71.066352992999953,42.347315718000061],[-71.066505752999944,42.34733899400004]]]},"properties":{"OBJECTID":14,"SURVEYID":null,"HIST_NAME":"South End Protection Area","PLACE_NAME":"South End","YEAR":null,"STYLE":null,"USE_TYPE":null,"TYPE":"PA","STATUS":"Designated & Activated","URL":"http://www.cityofboston.gov/landmarks/historic/southend.asp","Shape_Length":0.060822967357719568,"Shape_Area":7.2131957844884454e-05,"shape_wkt":null}},{"type":"Feature","id":15,"geometry":{"type":"Polygon","coordinates":[[[-71.078172097999982,42.345864381000069],[-71.078498099999933,42.346076408000044],[-71.078627770999958,42.346161346000031],[-71.078648725999983,42.34619275600005],[-71.078897120999954,42.346358544000054],[-71.079070669999965,42.346433593000029],[-71.079300480999962,42.346576248000076],[-71.079312935999951,42.34658085600006],[-71.079326274999971,42.346583807000059],[-71.079340099999968,42.346585014000027],[-71.079353997999988,42.346584439000026],[-71.079367556999955,42.346582100000035],[-71.079380370999957,42.346578066000063],[-71.079392057999939,42.346572459000072],[-71.079402271999982,42.346565443000031],[-71.079456008999955,42.34652090600008],[-71.079623062999985,42.346377555000061],[-71.079867383999954,42.34617369700004],[-71.079977377999967,42.346081575000028],[-71.080144146999942,42.345945469000071],[-71.080272883999953,42.345839996000052],[-71.080335925999975,42.345789249000063],[-71.08040811099994,42.345730065000055],[-71.080474566999953,42.345674953000071],[-71.080526585999962,42.345632026000033],[-71.080574946999945,42.345593879000035],[-71.08062909399996,42.345549687000073],[-71.080674667999972,42.345511595000062],[-71.080735769999933,42.345461773000068],[-71.080786143999944,42.345420688000047],[-71.080841509999971,42.345375948000026],[-71.080894882999985,42.345332390000067],[-71.080946448999953,42.345290118000037],[-71.081197436999958,42.345085165000057],[-71.081311334999953,42.344983040000045],[-71.081546676999949,42.344799589000047],[-71.08160314099996,42.344752412000048],[-71.081659233999972,42.344705257000044],[-71.081713707999938,42.344661203000044],[-71.081761958999948,42.344620148000047],[-71.081814882999936,42.344575011000074],[-71.081836368999973,42.344590608000033],[-71.081900454999982,42.344537109000044],[-71.081878341999982,42.344520949000071],[-71.081938019999939,42.344472801000052],[-71.082000402999938,42.344419559000073],[-71.082059566999988,42.344369573000051],[-71.082123624999952,42.344316785000046],[-71.082186213999933,42.344264984000063],[-71.082245364999949,42.344215769000073],[-71.082310725999946,42.344160827000053],[-71.082366469999954,42.344115249000026],[-71.082468176999953,42.344030911000061],[-71.082599886999958,42.343929422000031],[-71.08298664299997,42.343606150000028],[-71.083044886999971,42.343558323000025],[-71.083096457999943,42.343515975000059],[-71.083154233999949,42.343468531000042],[-71.08320587299994,42.343426128000033],[-71.083258635999982,42.343382801000075],[-71.083315658999936,42.343335976000049],[-71.083362112999964,42.343297829000051],[-71.083413036999957,42.343256011000051],[-71.083461644999943,42.343216097000038],[-71.083511544999965,42.343175120000069],[-71.083563481999988,42.343132472000036],[-71.083609742999954,42.343094483000073],[-71.083673914999963,42.343041786000072],[-71.083717456999977,42.343006030000026],[-71.083773446999942,42.34296005300007],[-71.083831347999933,42.342912505000072],[-71.083882808999988,42.342870247000064],[-71.083937016999982,42.342825732000051],[-71.083999228999971,42.342774646000066],[-71.084046231999935,42.342736047000074],[-71.083770397999956,42.342547553000031],[-71.083648495999967,42.342443345000049],[-71.083416885999952,42.342292042000054],[-71.08336978799997,42.342267457000048],[-71.083192506999978,42.342150631000038],[-71.083139689999939,42.342115027000034],[-71.083025280999948,42.34203756800008],[-71.082999504999975,42.342057879000038],[-71.082943171999943,42.34201717500008],[-71.082894991999979,42.341981634000035],[-71.082728483999972,42.342115941000031],[-71.082601809999971,42.342212336000046],[-71.082373855999947,42.342399471000078],[-71.082342145999974,42.342423668000038],[-71.082324261999986,42.342437471000039],[-71.082110508999961,42.342611421000072],[-71.082086413999946,42.342631863000065],[-71.081975093999972,42.342734861000054],[-71.081970113999944,42.342738897000061],[-71.081926960999965,42.342773866000073],[-71.081739044999949,42.342926614000078],[-71.081698421999988,42.342959126000039],[-71.081680527999936,42.342947157000026],[-71.081638627999951,42.342980295000075],[-71.081447133999973,42.343135927000048],[-71.081465291999962,42.343148075000045],[-71.081450613999948,42.343159970000045],[-71.081312757999967,42.343271338000079],[-71.081293811999956,42.343286084000056],[-71.081197446999965,42.343362465000041],[-71.081178984999951,42.343350119000036],[-71.08107466499996,42.34343818900004],[-71.081044568999971,42.343463596000049],[-71.080972767999981,42.34352373400003],[-71.080898178999973,42.343587171000081],[-71.080916989999935,42.343599752000046],[-71.080803321999952,42.343695651000075],[-71.080685114999937,42.343790097000067],[-71.080659096999966,42.343812033000063],[-71.080639416999986,42.343799534000027],[-71.08058846299997,42.343842645000052],[-71.08041364199994,42.343991292000055],[-71.080388156999959,42.344011049000073],[-71.080407817999969,42.344023843000059],[-71.080370341999981,42.34405686100007],[-71.080195920999984,42.344206330000077],[-71.080056421999984,42.344311841000035],[-71.079907674999959,42.344431728000075],[-71.079895189999945,42.344422974000054],[-71.079838704999986,42.344468469000049],[-71.079831937999984,42.344463211000061],[-71.079748939999945,42.344531754000059],[-71.079638934999934,42.344624314000043],[-71.079658792999965,42.344637331000058],[-71.079508803999943,42.344761857000037],[-71.079385721999984,42.344862555000077],[-71.079212664999943,42.345005842000035],[-71.079152591999957,42.345054514000026],[-71.079133010999954,42.345041456000047],[-71.079088290999948,42.345077245000027],[-71.078701233999936,42.345399066000027],[-71.078450594999936,42.345604445000049],[-71.078469398999971,42.345618312000056],[-71.07840228699996,42.345672745000059],[-71.078344733999984,42.345719236000036],[-71.078172097999982,42.345864381000069]]]},"properties":{"OBJECTID":15,"SURVEYID":30707,"HIST_NAME":"St. Botolph Area Architectural Conservation District","PLACE_NAME":"Fenway","YEAR":1981,"STYLE":" ","USE_TYPE":"Residential District","TYPE":"LHD","STATUS":"Designated & Activated","URL":"http://www.cityofboston.gov/landmarks/historic/botolph.asp","Shape_Length":0.01526584559976127,"Shape_Area":8.1395458652278167e-06,"shape_wkt":null}}]
}